Date,Asset,Price
2023-01-01,Stock_1,100.5
2023-01-02,Stock_1,100.36
2023-01-03,Stock_1,101.01
2023-01-04,Stock_1,102.53
2023-01-05,Stock_1,102.3
2023-01-06,Stock_1,102.06
2023-01-07,Stock_1,103.64
2023-01-08,Stock_1,104.41
2023-01-09,Stock_1,103.94
2023-01-10,Stock_1,104.48
2023-01-11,Stock_1,104.02
2023-01-12,Stock_1,103.55
2023-01-13,Stock_1,103.79
2023-01-14,Stock_1,101.88
2023-01-15,Stock_1,100.16
2023-01-16,Stock_1,99.59
2023-01-17,Stock_1,98.58
2023-01-18,Stock_1,98.89
2023-01-19,Stock_1,97.99
2023-01-20,Stock_1,96.57
2023-01-21,Stock_1,98.04
2023-01-22,Stock_1,97.81
2023-01-23,Stock_1,97.88
2023-01-24,Stock_1,96.46
2023-01-25,Stock_1,95.91
2023-01-26,Stock_1,96.02
2023-01-27,Stock_1,94.87
2023-01-28,Stock_1,95.25
2023-01-29,Stock_1,94.65
2023-01-30,Stock_1,94.36
2023-01-31,Stock_1,93.75
2023-02-01,Stock_1,95.61
2023-02-02,Stock_1,95.59
2023-02-03,Stock_1,94.53
2023-02-04,Stock_1,95.36
2023-02-05,Stock_1,94.14
2023-02-06,Stock_1,94.35
2023-02-07,Stock_1,92.39
2023-02-08,Stock_1,91.06
2023-02-09,Stock_1,91.25
2023-02-10,Stock_1,91.99
2023-02-11,Stock_1,92.16
2023-02-12,Stock_1,92.05
2023-02-13,Stock_1,91.75
2023-02-14,Stock_1,90.27
2023-02-15,Stock_1,89.55
2023-02-16,Stock_1,89.09
2023-02-17,Stock_1,90.15
2023-02-18,Stock_1,90.49
2023-02-19,Stock_1,88.73
2023-02-20,Stock_1,89.05
2023-02-21,Stock_1,88.67
2023-02-22,Stock_1,87.99
2023-02-23,Stock_1,88.6
2023-02-24,Stock_1,89.63
2023-02-25,Stock_1,90.56
2023-02-26,Stock_1,89.72
2023-02-27,Stock_1,89.41
2023-02-28,Stock_1,89.75
2023-03-01,Stock_1,90.72
2023-03-02,Stock_1,90.24
2023-03-03,Stock_1,90.06
2023-03-04,Stock_1,88.95
2023-03-05,Stock_1,87.75
2023-03-06,Stock_1,88.57
2023-03-07,Stock_1,89.92
2023-03-08,Stock_1,89.85
2023-03-09,Stock_1,90.85
2023-03-10,Stock_1,91.22
2023-03-11,Stock_1,90.57
2023-03-12,Stock_1,90.93
2023-03-13,Stock_1,92.47
2023-03-14,Stock_1,92.43
2023-03-15,Stock_1,94.0
2023-03-16,Stock_1,91.38
2023-03-17,Stock_1,92.2
2023-03-18,Stock_1,92.29
2023-03-19,Stock_1,91.99
2023-03-20,Stock_1,92.08
2023-03-21,Stock_1,90.09
2023-03-22,Stock_1,89.87
2023-03-23,Stock_1,90.23
2023-03-24,Stock_1,91.71
2023-03-25,Stock_1,91.19
2023-03-26,Stock_1,90.38
2023-03-27,Stock_1,89.88
2023-03-28,Stock_1,90.8
2023-03-29,Stock_1,91.12
2023-03-30,Stock_1,90.59
2023-03-31,Stock_1,91.11
2023-04-01,Stock_1,91.2
2023-04-02,Stock_1,92.17
2023-04-03,Stock_1,91.47
2023-04-04,Stock_1,91.14
2023-04-05,Stock_1,90.75
2023-04-06,Stock_1,89.29
2023-04-07,Stock_1,89.58
2023-04-08,Stock_1,89.84
2023-04-09,Stock_1,89.85
2023-04-10,Stock_1,89.62
2023-04-11,Stock_1,88.2
2023-04-12,Stock_1,87.78
2023-04-13,Stock_1,87.44
2023-04-14,Stock_1,86.63
2023-04-15,Stock_1,86.47
2023-04-16,Stock_1,86.88
2023-04-17,Stock_1,88.76
2023-04-18,Stock_1,88.94
2023-04-19,Stock_1,89.2
2023-04-20,Stock_1,89.12
2023-04-21,Stock_1,87.2
2023-04-22,Stock_1,87.18
2023-04-23,Stock_1,87.24
2023-04-24,Stock_1,89.7
2023-04-25,Stock_1,89.51
2023-04-26,Stock_1,89.81
2023-04-27,Stock_1,89.77
2023-04-28,Stock_1,88.6
2023-04-29,Stock_1,89.75
2023-04-30,Stock_1,90.5
2023-05-01,Stock_1,91.29
2023-05-02,Stock_1,90.38
2023-05-03,Stock_1,91.78
2023-05-04,Stock_1,90.38
2023-05-05,Stock_1,90.97
2023-05-06,Stock_1,93.16
2023-05-07,Stock_1,92.17
2023-05-08,Stock_1,91.6
2023-05-09,Stock_1,91.7
2023-05-10,Stock_1,91.2
2023-05-11,Stock_1,89.65
2023-05-12,Stock_1,89.72
2023-05-13,Stock_1,88.65
2023-05-14,Stock_1,89.13
2023-05-15,Stock_1,88.21
2023-05-16,Stock_1,89.76
2023-05-17,Stock_1,88.98
2023-05-18,Stock_1,88.65
2023-05-19,Stock_1,89.47
2023-05-20,Stock_1,88.24
2023-05-21,Stock_1,88.46
2023-05-22,Stock_1,89.77
2023-05-23,Stock_1,88.16
2023-05-24,Stock_1,88.35
2023-05-25,Stock_1,88.61
2023-05-26,Stock_1,89.39
2023-05-27,Stock_1,88.15
2023-05-28,Stock_1,86.83
2023-05-29,Stock_1,87.35
2023-05-30,Stock_1,87.65
2023-05-31,Stock_1,87.9
2023-06-01,Stock_1,88.25
2023-06-02,Stock_1,87.57
2023-06-03,Stock_1,87.8
2023-06-04,Stock_1,88.09
2023-06-05,Stock_1,87.38
2023-06-06,Stock_1,89.24
2023-06-07,Stock_1,89.72
2023-06-08,Stock_1,88.53
2023-06-09,Stock_1,89.18
2023-06-10,Stock_1,88.21
2023-06-11,Stock_1,89.0
2023-06-12,Stock_1,90.15
2023-06-13,Stock_1,89.33
2023-06-14,Stock_1,90.3
2023-06-15,Stock_1,90.71
2023-06-16,Stock_1,91.53
2023-06-17,Stock_1,93.43
2023-06-18,Stock_1,93.18
2023-06-19,Stock_1,92.43
2023-06-20,Stock_1,91.54
2023-06-21,Stock_1,90.72
2023-06-22,Stock_1,90.65
2023-06-23,Stock_1,90.99
2023-06-24,Stock_1,91.27
2023-06-25,Stock_1,92.09
2023-06-26,Stock_1,92.11
2023-06-27,Stock_1,93.56
2023-06-28,Stock_1,93.29
2023-06-29,Stock_1,96.01
2023-06-30,Stock_1,96.64
2023-07-01,Stock_1,95.78
2023-07-02,Stock_1,94.71
2023-07-03,Stock_1,95.19
2023-07-04,Stock_1,94.97
2023-07-05,Stock_1,95.69
2023-07-06,Stock_1,96.16
2023-07-07,Stock_1,96.09
2023-07-08,Stock_1,95.24
2023-07-09,Stock_1,93.72
2023-07-10,Stock_1,93.28
2023-07-11,Stock_1,94.13
2023-07-12,Stock_1,94.35
2023-07-13,Stock_1,93.1
2023-07-14,Stock_1,93.28
2023-07-15,Stock_1,93.66
2023-07-16,Stock_1,92.78
2023-07-17,Stock_1,92.93
2023-07-18,Stock_1,92.99
2023-07-19,Stock_1,91.85
2023-07-20,Stock_1,92.2
2023-07-21,Stock_1,92.76
2023-07-22,Stock_1,93.85
2023-07-23,Stock_1,94.9
2023-07-24,Stock_1,93.52
2023-07-25,Stock_1,92.59
2023-07-26,Stock_1,93.1
2023-07-27,Stock_1,93.61
2023-07-28,Stock_1,94.13
2023-07-29,Stock_1,97.98
2023-07-30,Stock_1,98.55
2023-07-31,Stock_1,99.69
2023-08-01,Stock_1,100.64
2023-08-02,Stock_1,101.29
2023-08-03,Stock_1,100.98
2023-08-04,Stock_1,101.74
2023-08-05,Stock_1,100.97
2023-08-06,Stock_1,100.73
2023-08-07,Stock_1,100.24
2023-08-08,Stock_1,100.32
2023-08-09,Stock_1,102.64
2023-08-10,Stock_1,100.77
2023-08-11,Stock_1,101.46
2023-08-12,Stock_1,99.85
2023-08-13,Stock_1,99.37
2023-08-14,Stock_1,100.46
2023-08-15,Stock_1,100.53
2023-08-16,Stock_1,99.45
2023-08-17,Stock_1,98.73
2023-08-18,Stock_1,99.41
2023-08-19,Stock_1,98.68
2023-08-20,Stock_1,98.9
2023-08-21,Stock_1,98.95
2023-08-22,Stock_1,98.29
2023-08-23,Stock_1,100.44
2023-08-24,Stock_1,101.07
2023-08-25,Stock_1,99.05
2023-08-26,Stock_1,99.23
2023-08-27,Stock_1,98.57
2023-08-28,Stock_1,99.42
2023-08-29,Stock_1,98.63
2023-08-30,Stock_1,98.52
2023-08-31,Stock_1,99.02
2023-09-01,Stock_1,99.89
2023-09-02,Stock_1,98.69
2023-09-03,Stock_1,98.35
2023-09-04,Stock_1,97.88
2023-09-05,Stock_1,97.22
2023-09-06,Stock_1,98.99
2023-09-07,Stock_1,99.39
2023-09-08,Stock_1,98.13
2023-09-09,Stock_1,99.05
2023-09-10,Stock_1,101.17
2023-09-11,Stock_1,102.21
2023-09-12,Stock_1,100.69
2023-09-13,Stock_1,100.2
2023-09-14,Stock_1,101.47
2023-09-15,Stock_1,100.76
2023-09-16,Stock_1,101.21
2023-09-17,Stock_1,101.98
2023-09-18,Stock_1,101.05
2023-09-19,Stock_1,100.99
2023-09-20,Stock_1,97.75
2023-09-21,Stock_1,96.73
2023-09-22,Stock_1,96.48
2023-09-23,Stock_1,95.23
2023-09-24,Stock_1,96.86
2023-09-25,Stock_1,95.43
2023-09-26,Stock_1,94.99
2023-09-27,Stock_1,95.12
2023-09-28,Stock_1,96.56
2023-09-29,Stock_1,95.13
2023-09-30,Stock_1,96.29
2023-10-01,Stock_1,96.3
2023-10-02,Stock_1,95.32
2023-10-03,Stock_1,95.78
2023-10-04,Stock_1,95.98
2023-10-05,Stock_1,95.38
2023-10-06,Stock_1,95.45
2023-10-07,Stock_1,95.06
2023-10-08,Stock_1,95.18
2023-10-09,Stock_1,95.84
2023-10-10,Stock_1,97.42
2023-10-11,Stock_1,96.19
2023-10-12,Stock_1,98.32
2023-10-13,Stock_1,96.37
2023-10-14,Stock_1,96.22
2023-10-15,Stock_1,96.8
2023-10-16,Stock_1,97.09
2023-10-17,Stock_1,96.46
2023-10-18,Stock_1,96.25
2023-10-19,Stock_1,95.76
2023-10-20,Stock_1,95.17
2023-10-21,Stock_1,96.02
2023-10-22,Stock_1,96.38
2023-10-23,Stock_1,95.69
2023-10-24,Stock_1,96.59
2023-10-25,Stock_1,96.89
2023-10-26,Stock_1,97.71
2023-10-27,Stock_1,98.34
2023-10-28,Stock_1,97.51
2023-10-29,Stock_1,96.95
2023-10-30,Stock_1,97.69
2023-10-31,Stock_1,98.3
2023-11-01,Stock_1,98.28
2023-11-02,Stock_1,98.4
2023-11-03,Stock_1,99.68
2023-11-04,Stock_1,99.09
2023-11-05,Stock_1,99.63
2023-11-06,Stock_1,99.43
2023-11-07,Stock_1,99.21
2023-11-08,Stock_1,100.31
2023-11-09,Stock_1,101.14
2023-11-10,Stock_1,101.95
2023-11-11,Stock_1,103.26
2023-11-12,Stock_1,103.28
2023-11-13,Stock_1,103.96
2023-11-14,Stock_1,103.65
2023-11-15,Stock_1,103.97
2023-11-16,Stock_1,103.84
2023-11-17,Stock_1,103.94
2023-11-18,Stock_1,104.54
2023-11-19,Stock_1,103.72
2023-11-20,Stock_1,105.81
2023-11-21,Stock_1,104.8
2023-11-22,Stock_1,103.59
2023-11-23,Stock_1,104.75
2023-11-24,Stock_1,105.54
2023-11-25,Stock_1,106.16
2023-11-26,Stock_1,106.79
2023-11-27,Stock_1,106.78
2023-11-28,Stock_1,105.88
2023-11-29,Stock_1,105.96
2023-11-30,Stock_1,105.28
2023-12-01,Stock_1,106.26
2023-12-02,Stock_1,106.11
2023-12-03,Stock_1,105.28
2023-12-04,Stock_1,104.96
2023-12-05,Stock_1,105.38
2023-12-06,Stock_1,104.81
2023-12-07,Stock_1,103.99
2023-12-08,Stock_1,104.23
2023-12-09,Stock_1,104.48
2023-12-10,Stock_1,103.97
2023-12-11,Stock_1,103.5
2023-12-12,Stock_1,103.73
2023-12-13,Stock_1,102.28
2023-12-14,Stock_1,100.88
2023-12-15,Stock_1,100.16
2023-12-16,Stock_1,99.94
2023-12-17,Stock_1,100.26
2023-12-18,Stock_1,101.73
2023-12-19,Stock_1,102.59
2023-12-20,Stock_1,102.43
2023-12-21,Stock_1,102.41
2023-12-22,Stock_1,101.41
2023-12-23,Stock_1,101.39
2023-12-24,Stock_1,101.1
2023-12-25,Stock_1,101.42
2023-12-26,Stock_1,100.6
2023-12-27,Stock_1,101.11
2023-12-28,Stock_1,102.65
2023-12-29,Stock_1,102.54
2023-12-30,Stock_1,102.94
2023-12-31,Stock_1,103.63
2023-01-01,Stock_2,99.6
2023-01-02,Stock_2,99.82
2023-01-03,Stock_2,99.84
2023-01-04,Stock_2,99.93
2023-01-05,Stock_2,99.16
2023-01-06,Stock_2,99.18
2023-01-07,Stock_2,99.68
2023-01-08,Stock_2,101.13
2023-01-09,Stock_2,102.09
2023-01-10,Stock_2,104.25
2023-01-11,Stock_2,103.48
2023-01-12,Stock_2,104.35
2023-01-13,Stock_2,104.53
2023-01-14,Stock_2,106.72
2023-01-15,Stock_2,105.92
2023-01-16,Stock_2,105.08
2023-01-17,Stock_2,104.48
2023-01-18,Stock_2,102.35
2023-01-19,Stock_2,101.83
2023-01-20,Stock_2,101.07
2023-01-21,Stock_2,101.22
2023-01-22,Stock_2,101.56
2023-01-23,Stock_2,103.44
2023-01-24,Stock_2,104.39
2023-01-25,Stock_2,103.81
2023-01-26,Stock_2,102.91
2023-01-27,Stock_2,103.4
2023-01-28,Stock_2,102.08
2023-01-29,Stock_2,103.91
2023-01-30,Stock_2,105.09
2023-01-31,Stock_2,104.62
2023-02-01,Stock_2,102.91
2023-02-02,Stock_2,104.27
2023-02-03,Stock_2,104.15
2023-02-04,Stock_2,105.39
2023-02-05,Stock_2,103.79
2023-02-06,Stock_2,103.2
2023-02-07,Stock_2,103.2
2023-02-08,Stock_2,103.25
2023-02-09,Stock_2,102.8
2023-02-10,Stock_2,103.42
2023-02-11,Stock_2,102.35
2023-02-12,Stock_2,102.21
2023-02-13,Stock_2,102.33
2023-02-14,Stock_2,102.84
2023-02-15,Stock_2,103.56
2023-02-16,Stock_2,102.43
2023-02-17,Stock_2,100.9
2023-02-18,Stock_2,102.18
2023-02-19,Stock_2,102.51
2023-02-20,Stock_2,101.76
2023-02-21,Stock_2,103.31
2023-02-22,Stock_2,103.43
2023-02-23,Stock_2,104.61
2023-02-24,Stock_2,104.67
2023-02-25,Stock_2,106.73
2023-02-26,Stock_2,108.49
2023-02-27,Stock_2,108.24
2023-02-28,Stock_2,109.21
2023-03-01,Stock_2,109.86
2023-03-02,Stock_2,111.23
2023-03-03,Stock_2,110.26
2023-03-04,Stock_2,110.95
2023-03-05,Stock_2,112.01
2023-03-06,Stock_2,110.25
2023-03-07,Stock_2,109.06
2023-03-08,Stock_2,107.02
2023-03-09,Stock_2,106.75
2023-03-10,Stock_2,107.47
2023-03-11,Stock_2,108.97
2023-03-12,Stock_2,109.05
2023-03-13,Stock_2,110.68
2023-03-14,Stock_2,109.3
2023-03-15,Stock_2,107.59
2023-03-16,Stock_2,107.54
2023-03-17,Stock_2,107.92
2023-03-18,Stock_2,107.89
2023-03-19,Stock_2,105.82
2023-03-20,Stock_2,105.73
2023-03-21,Stock_2,104.43
2023-03-22,Stock_2,105.1
2023-03-23,Stock_2,105.46
2023-03-24,Stock_2,104.52
2023-03-25,Stock_2,104.01
2023-03-26,Stock_2,102.95
2023-03-27,Stock_2,102.89
2023-03-28,Stock_2,103.84
2023-03-29,Stock_2,102.86
2023-03-30,Stock_2,103.36
2023-03-31,Stock_2,102.83
2023-04-01,Stock_2,102.04
2023-04-02,Stock_2,101.93
2023-04-03,Stock_2,100.9
2023-04-04,Stock_2,100.34
2023-04-05,Stock_2,99.15
2023-04-06,Stock_2,101.11
2023-04-07,Stock_2,101.15
2023-04-08,Stock_2,100.45
2023-04-09,Stock_2,100.66
2023-04-10,Stock_2,100.55
2023-04-11,Stock_2,100.33
2023-04-12,Stock_2,100.94
2023-04-13,Stock_2,101.7
2023-04-14,Stock_2,101.17
2023-04-15,Stock_2,100.59
2023-04-16,Stock_2,100.32
2023-04-17,Stock_2,98.01
2023-04-18,Stock_2,96.5
2023-04-19,Stock_2,97.87
2023-04-20,Stock_2,99.51
2023-04-21,Stock_2,99.26
2023-04-22,Stock_2,99.84
2023-04-23,Stock_2,100.15
2023-04-24,Stock_2,103.23
2023-04-25,Stock_2,104.35
2023-04-26,Stock_2,104.22
2023-04-27,Stock_2,103.27
2023-04-28,Stock_2,101.66
2023-04-29,Stock_2,101.86
2023-04-30,Stock_2,101.11
2023-05-01,Stock_2,99.68
2023-05-02,Stock_2,99.04
2023-05-03,Stock_2,97.96
2023-05-04,Stock_2,99.64
2023-05-05,Stock_2,100.52
2023-05-06,Stock_2,100.52
2023-05-07,Stock_2,102.0
2023-05-08,Stock_2,102.07
2023-05-09,Stock_2,101.21
2023-05-10,Stock_2,102.74
2023-05-11,Stock_2,103.27
2023-05-12,Stock_2,102.24
2023-05-13,Stock_2,102.05
2023-05-14,Stock_2,101.17
2023-05-15,Stock_2,99.79
2023-05-16,Stock_2,100.71
2023-05-17,Stock_2,102.62
2023-05-18,Stock_2,101.23
2023-05-19,Stock_2,101.79
2023-05-20,Stock_2,101.14
2023-05-21,Stock_2,100.65
2023-05-22,Stock_2,100.06
2023-05-23,Stock_2,99.19
2023-05-24,Stock_2,99.24
2023-05-25,Stock_2,98.41
2023-05-26,Stock_2,98.68
2023-05-27,Stock_2,98.63
2023-05-28,Stock_2,98.39
2023-05-29,Stock_2,97.49
2023-05-30,Stock_2,96.91
2023-05-31,Stock_2,97.66
2023-06-01,Stock_2,98.17
2023-06-02,Stock_2,97.19
2023-06-03,Stock_2,97.29
2023-06-04,Stock_2,98.04
2023-06-05,Stock_2,96.37
2023-06-06,Stock_2,96.91
2023-06-07,Stock_2,96.25
2023-06-08,Stock_2,96.82
2023-06-09,Stock_2,96.06
2023-06-10,Stock_2,94.25
2023-06-11,Stock_2,92.62
2023-06-12,Stock_2,92.67
2023-06-13,Stock_2,92.93
2023-06-14,Stock_2,92.03
2023-06-15,Stock_2,92.67
2023-06-16,Stock_2,91.01
2023-06-17,Stock_2,90.94
2023-06-18,Stock_2,89.73
2023-06-19,Stock_2,89.08
2023-06-20,Stock_2,89.12
2023-06-21,Stock_2,88.26
2023-06-22,Stock_2,87.88
2023-06-23,Stock_2,88.88
2023-06-24,Stock_2,88.31
2023-06-25,Stock_2,89.14
2023-06-26,Stock_2,88.01
2023-06-27,Stock_2,88.54
2023-06-28,Stock_2,89.99
2023-06-29,Stock_2,87.51
2023-06-30,Stock_2,86.72
2023-07-01,Stock_2,87.29
2023-07-02,Stock_2,87.09
2023-07-03,Stock_2,87.46
2023-07-04,Stock_2,86.86
2023-07-05,Stock_2,86.94
2023-07-06,Stock_2,86.79
2023-07-07,Stock_2,87.96
2023-07-08,Stock_2,88.21
2023-07-09,Stock_2,88.55
2023-07-10,Stock_2,88.14
2023-07-11,Stock_2,87.65
2023-07-12,Stock_2,87.22
2023-07-13,Stock_2,87.61
2023-07-14,Stock_2,87.19
2023-07-15,Stock_2,87.48
2023-07-16,Stock_2,89.56
2023-07-17,Stock_2,90.43
2023-07-18,Stock_2,90.1
2023-07-19,Stock_2,91.3
2023-07-20,Stock_2,90.89
2023-07-21,Stock_2,88.86
2023-07-22,Stock_2,87.85
2023-07-23,Stock_2,85.98
2023-07-24,Stock_2,85.63
2023-07-25,Stock_2,85.64
2023-07-26,Stock_2,87.32
2023-07-27,Stock_2,87.65
2023-07-28,Stock_2,87.43
2023-07-29,Stock_2,88.26
2023-07-30,Stock_2,86.05
2023-07-31,Stock_2,86.28
2023-08-01,Stock_2,87.05
2023-08-02,Stock_2,85.57
2023-08-03,Stock_2,86.72
2023-08-04,Stock_2,87.06
2023-08-05,Stock_2,86.64
2023-08-06,Stock_2,87.27
2023-08-07,Stock_2,89.54
2023-08-08,Stock_2,89.73
2023-08-09,Stock_2,89.97
2023-08-10,Stock_2,89.52
2023-08-11,Stock_2,88.67
2023-08-12,Stock_2,89.5
2023-08-13,Stock_2,88.64
2023-08-14,Stock_2,88.71
2023-08-15,Stock_2,88.23
2023-08-16,Stock_2,88.71
2023-08-17,Stock_2,89.05
2023-08-18,Stock_2,90.08
2023-08-19,Stock_2,89.57
2023-08-20,Stock_2,89.3
2023-08-21,Stock_2,88.32
2023-08-22,Stock_2,87.88
2023-08-23,Stock_2,88.26
2023-08-24,Stock_2,89.01
2023-08-25,Stock_2,88.09
2023-08-26,Stock_2,88.96
2023-08-27,Stock_2,90.32
2023-08-28,Stock_2,90.73
2023-08-29,Stock_2,92.61
2023-08-30,Stock_2,91.83
2023-08-31,Stock_2,90.59
2023-09-01,Stock_2,88.81
2023-09-02,Stock_2,90.31
2023-09-03,Stock_2,90.96
2023-09-04,Stock_2,90.91
2023-09-05,Stock_2,91.19
2023-09-06,Stock_2,90.06
2023-09-07,Stock_2,92.51
2023-09-08,Stock_2,92.64
2023-09-09,Stock_2,92.74
2023-09-10,Stock_2,93.47
2023-09-11,Stock_2,93.95
2023-09-12,Stock_2,94.18
2023-09-13,Stock_2,93.38
2023-09-14,Stock_2,93.86
2023-09-15,Stock_2,95.74
2023-09-16,Stock_2,97.08
2023-09-17,Stock_2,98.68
2023-09-18,Stock_2,98.17
2023-09-19,Stock_2,97.18
2023-09-20,Stock_2,97.05
2023-09-21,Stock_2,97.11
2023-09-22,Stock_2,98.2
2023-09-23,Stock_2,96.51
2023-09-24,Stock_2,98.04
2023-09-25,Stock_2,97.88
2023-09-26,Stock_2,97.45
2023-09-27,Stock_2,96.44
2023-09-28,Stock_2,94.79
2023-09-29,Stock_2,95.61
2023-09-30,Stock_2,95.68
2023-10-01,Stock_2,94.39
2023-10-02,Stock_2,93.1
2023-10-03,Stock_2,92.76
2023-10-04,Stock_2,94.43
2023-10-05,Stock_2,94.17
2023-10-06,Stock_2,92.67
2023-10-07,Stock_2,92.42
2023-10-08,Stock_2,92.15
2023-10-09,Stock_2,89.45
2023-10-10,Stock_2,89.4
2023-10-11,Stock_2,89.17
2023-10-12,Stock_2,89.86
2023-10-13,Stock_2,91.71
2023-10-14,Stock_2,92.84
2023-10-15,Stock_2,92.57
2023-10-16,Stock_2,91.46
2023-10-17,Stock_2,94.04
2023-10-18,Stock_2,94.1
2023-10-19,Stock_2,94.11
2023-10-20,Stock_2,94.09
2023-10-21,Stock_2,94.28
2023-10-22,Stock_2,94.14
2023-10-23,Stock_2,93.57
2023-10-24,Stock_2,93.02
2023-10-25,Stock_2,92.99
2023-10-26,Stock_2,92.44
2023-10-27,Stock_2,91.73
2023-10-28,Stock_2,91.84
2023-10-29,Stock_2,91.58
2023-10-30,Stock_2,93.09
2023-10-31,Stock_2,90.43
2023-11-01,Stock_2,91.53
2023-11-02,Stock_2,92.77
2023-11-03,Stock_2,90.7
2023-11-04,Stock_2,90.36
2023-11-05,Stock_2,89.98
2023-11-06,Stock_2,88.58
2023-11-07,Stock_2,87.8
2023-11-08,Stock_2,86.69
2023-11-09,Stock_2,88.44
2023-11-10,Stock_2,89.38
2023-11-11,Stock_2,90.65
2023-11-12,Stock_2,91.37
2023-11-13,Stock_2,90.24
2023-11-14,Stock_2,89.72
2023-11-15,Stock_2,90.21
2023-11-16,Stock_2,88.98
2023-11-17,Stock_2,89.7
2023-11-18,Stock_2,89.46
2023-11-19,Stock_2,89.08
2023-11-20,Stock_2,89.79
2023-11-21,Stock_2,90.24
2023-11-22,Stock_2,89.88
2023-11-23,Stock_2,91.03
2023-11-24,Stock_2,89.95
2023-11-25,Stock_2,90.57
2023-11-26,Stock_2,91.16
2023-11-27,Stock_2,90.85
2023-11-28,Stock_2,91.18
2023-11-29,Stock_2,89.93
2023-11-30,Stock_2,90.85
2023-12-01,Stock_2,90.67
2023-12-02,Stock_2,90.14
2023-12-03,Stock_2,91.19
2023-12-04,Stock_2,90.49
2023-12-05,Stock_2,89.08
2023-12-06,Stock_2,87.52
2023-12-07,Stock_2,88.13
2023-12-08,Stock_2,86.85
2023-12-09,Stock_2,88.6
2023-12-10,Stock_2,86.52
2023-12-11,Stock_2,88.22
2023-12-12,Stock_2,88.43
2023-12-13,Stock_2,88.33
2023-12-14,Stock_2,87.79
2023-12-15,Stock_2,88.19
2023-12-16,Stock_2,88.15
2023-12-17,Stock_2,89.25
2023-12-18,Stock_2,89.37
2023-12-19,Stock_2,89.52
2023-12-20,Stock_2,89.15
2023-12-21,Stock_2,89.1
2023-12-22,Stock_2,89.41
2023-12-23,Stock_2,87.69
2023-12-24,Stock_2,86.35
2023-12-25,Stock_2,87.09
2023-12-26,Stock_2,87.26
2023-12-27,Stock_2,87.08
2023-12-28,Stock_2,87.1
2023-12-29,Stock_2,87.44
2023-12-30,Stock_2,86.9
2023-12-31,Stock_2,86.12
2023-01-01,Stock_3,100.2
2023-01-02,Stock_3,99.22
2023-01-03,Stock_3,99.63
2023-01-04,Stock_3,97.92
2023-01-05,Stock_3,98.95
2023-01-06,Stock_3,99.42
2023-01-07,Stock_3,99.68
2023-01-08,Stock_3,100.66
2023-01-09,Stock_3,102.33
2023-01-10,Stock_3,103.34
2023-01-11,Stock_3,101.5
2023-01-12,Stock_3,100.22
2023-01-13,Stock_3,99.6
2023-01-14,Stock_3,99.62
2023-01-15,Stock_3,100.14
2023-01-16,Stock_3,99.42
2023-01-17,Stock_3,99.6
2023-01-18,Stock_3,98.85
2023-01-19,Stock_3,98.24
2023-01-20,Stock_3,96.83
2023-01-21,Stock_3,95.91
2023-01-22,Stock_3,94.55
2023-01-23,Stock_3,93.58
2023-01-24,Stock_3,94.63
2023-01-25,Stock_3,93.68
2023-01-26,Stock_3,96.32
2023-01-27,Stock_3,96.81
2023-01-28,Stock_3,96.99
2023-01-29,Stock_3,96.14
2023-01-30,Stock_3,96.84
2023-01-31,Stock_3,96.26
2023-02-01,Stock_3,96.38
2023-02-02,Stock_3,98.94
2023-02-03,Stock_3,98.85
2023-02-04,Stock_3,100.0
2023-02-05,Stock_3,99.29
2023-02-06,Stock_3,99.26
2023-02-07,Stock_3,101.03
2023-02-08,Stock_3,100.4
2023-02-09,Stock_3,102.21
2023-02-10,Stock_3,102.92
2023-02-11,Stock_3,102.36
2023-02-12,Stock_3,102.99
2023-02-13,Stock_3,103.96
2023-02-14,Stock_3,104.59
2023-02-15,Stock_3,103.01
2023-02-16,Stock_3,102.29
2023-02-17,Stock_3,102.04
2023-02-18,Stock_3,101.97
2023-02-19,Stock_3,102.59
2023-02-20,Stock_3,102.76
2023-02-21,Stock_3,101.43
2023-02-22,Stock_3,101.81
2023-02-23,Stock_3,102.42
2023-02-24,Stock_3,102.98
2023-02-25,Stock_3,104.06
2023-02-26,Stock_3,104.89
2023-02-27,Stock_3,105.35
2023-02-28,Stock_3,105.28
2023-03-01,Stock_3,103.62
2023-03-02,Stock_3,104.05
2023-03-03,Stock_3,104.26
2023-03-04,Stock_3,104.53
2023-03-05,Stock_3,103.25
2023-03-06,Stock_3,102.17
2023-03-07,Stock_3,103.23
2023-03-08,Stock_3,103.19
2023-03-09,Stock_3,103.87
2023-03-10,Stock_3,103.9
2023-03-11,Stock_3,103.93
2023-03-12,Stock_3,104.86
2023-03-13,Stock_3,104.35
2023-03-14,Stock_3,104.44
2023-03-15,Stock_3,103.98
2023-03-16,Stock_3,103.55
2023-03-17,Stock_3,103.24
2023-03-18,Stock_3,103.46
2023-03-19,Stock_3,102.98
2023-03-20,Stock_3,104.24
2023-03-21,Stock_3,103.34
2023-03-22,Stock_3,103.16
2023-03-23,Stock_3,102.72
2023-03-24,Stock_3,104.16
2023-03-25,Stock_3,104.36
2023-03-26,Stock_3,105.39
2023-03-27,Stock_3,103.91
2023-03-28,Stock_3,104.17
2023-03-29,Stock_3,105.06
2023-03-30,Stock_3,105.15
2023-03-31,Stock_3,106.21
2023-04-01,Stock_3,105.69
2023-04-02,Stock_3,107.1
2023-04-03,Stock_3,109.4
2023-04-04,Stock_3,109.04
2023-04-05,Stock_3,108.59
2023-04-06,Stock_3,110.05
2023-04-07,Stock_3,111.63
2023-04-08,Stock_3,111.1
2023-04-09,Stock_3,110.68
2023-04-10,Stock_3,110.4
2023-04-11,Stock_3,109.06
2023-04-12,Stock_3,108.14
2023-04-13,Stock_3,107.13
2023-04-14,Stock_3,106.37
2023-04-15,Stock_3,106.33
2023-04-16,Stock_3,106.57
2023-04-17,Stock_3,108.12
2023-04-18,Stock_3,107.12
2023-04-19,Stock_3,108.1
2023-04-20,Stock_3,107.89
2023-04-21,Stock_3,107.84
2023-04-22,Stock_3,108.51
2023-04-23,Stock_3,107.39
2023-04-24,Stock_3,107.77
2023-04-25,Stock_3,107.94
2023-04-26,Stock_3,108.43
2023-04-27,Stock_3,108.72
2023-04-28,Stock_3,111.18
2023-04-29,Stock_3,110.54
2023-04-30,Stock_3,110.01
2023-05-01,Stock_3,109.39
2023-05-02,Stock_3,108.83
2023-05-03,Stock_3,108.19
2023-05-04,Stock_3,109.38
2023-05-05,Stock_3,110.8
2023-05-06,Stock_3,110.23
2023-05-07,Stock_3,109.4
2023-05-08,Stock_3,109.87
2023-05-09,Stock_3,109.32
2023-05-10,Stock_3,109.95
2023-05-11,Stock_3,110.15
2023-05-12,Stock_3,108.64
2023-05-13,Stock_3,110.19
2023-05-14,Stock_3,111.98
2023-05-15,Stock_3,111.37
2023-05-16,Stock_3,110.98
2023-05-17,Stock_3,111.27
2023-05-18,Stock_3,111.6
2023-05-19,Stock_3,112.26
2023-05-20,Stock_3,114.27
2023-05-21,Stock_3,114.09
2023-05-22,Stock_3,113.29
2023-05-23,Stock_3,111.92
2023-05-24,Stock_3,111.18
2023-05-25,Stock_3,111.15
2023-05-26,Stock_3,112.95
2023-05-27,Stock_3,112.43
2023-05-28,Stock_3,112.65
2023-05-29,Stock_3,112.64
2023-05-30,Stock_3,113.82
2023-05-31,Stock_3,116.35
2023-06-01,Stock_3,115.82
2023-06-02,Stock_3,115.33
2023-06-03,Stock_3,116.38
2023-06-04,Stock_3,117.06
2023-06-05,Stock_3,118.9
2023-06-06,Stock_3,119.49
2023-06-07,Stock_3,119.13
2023-06-08,Stock_3,119.72
2023-06-09,Stock_3,120.83
2023-06-10,Stock_3,121.65
2023-06-11,Stock_3,122.16
2023-06-12,Stock_3,123.22
2023-06-13,Stock_3,124.39
2023-06-14,Stock_3,125.77
2023-06-15,Stock_3,126.42
2023-06-16,Stock_3,126.26
2023-06-17,Stock_3,126.4
2023-06-18,Stock_3,127.61
2023-06-19,Stock_3,126.79
2023-06-20,Stock_3,127.16
2023-06-21,Stock_3,126.77
2023-06-22,Stock_3,126.8
2023-06-23,Stock_3,128.07
2023-06-24,Stock_3,128.27
2023-06-25,Stock_3,128.31
2023-06-26,Stock_3,126.95
2023-06-27,Stock_3,127.7
2023-06-28,Stock_3,128.34
2023-06-29,Stock_3,130.51
2023-06-30,Stock_3,130.2
2023-07-01,Stock_3,130.42
2023-07-02,Stock_3,130.67
2023-07-03,Stock_3,132.24
2023-07-04,Stock_3,132.15
2023-07-05,Stock_3,132.43
2023-07-06,Stock_3,133.04
2023-07-07,Stock_3,133.22
2023-07-08,Stock_3,132.78
2023-07-09,Stock_3,132.97
2023-07-10,Stock_3,134.04
2023-07-11,Stock_3,133.02
2023-07-12,Stock_3,133.15
2023-07-13,Stock_3,132.45
2023-07-14,Stock_3,133.65
2023-07-15,Stock_3,132.12
2023-07-16,Stock_3,131.56
2023-07-17,Stock_3,131.94
2023-07-18,Stock_3,133.51
2023-07-19,Stock_3,133.44
2023-07-20,Stock_3,132.89
2023-07-21,Stock_3,134.77
2023-07-22,Stock_3,133.32
2023-07-23,Stock_3,131.12
2023-07-24,Stock_3,131.56
2023-07-25,Stock_3,131.06
2023-07-26,Stock_3,130.04
2023-07-27,Stock_3,130.74
2023-07-28,Stock_3,130.99
2023-07-29,Stock_3,130.42
2023-07-30,Stock_3,129.14
2023-07-31,Stock_3,130.02
2023-08-01,Stock_3,130.67
2023-08-02,Stock_3,130.57
2023-08-03,Stock_3,132.41
2023-08-04,Stock_3,131.34
2023-08-05,Stock_3,129.82
2023-08-06,Stock_3,129.13
2023-08-07,Stock_3,129.08
2023-08-08,Stock_3,129.32
2023-08-09,Stock_3,129.08
2023-08-10,Stock_3,129.44
2023-08-11,Stock_3,128.18
2023-08-12,Stock_3,129.63
2023-08-13,Stock_3,129.55
2023-08-14,Stock_3,130.66
2023-08-15,Stock_3,131.01
2023-08-16,Stock_3,131.46
2023-08-17,Stock_3,132.03
2023-08-18,Stock_3,132.48
2023-08-19,Stock_3,133.12
2023-08-20,Stock_3,134.45
2023-08-21,Stock_3,134.65
2023-08-22,Stock_3,135.36
2023-08-23,Stock_3,135.27
2023-08-24,Stock_3,136.71
2023-08-25,Stock_3,136.03
2023-08-26,Stock_3,137.83
2023-08-27,Stock_3,137.79
2023-08-28,Stock_3,136.36
2023-08-29,Stock_3,136.49
2023-08-30,Stock_3,135.81
2023-08-31,Stock_3,136.65
2023-09-01,Stock_3,136.0
2023-09-02,Stock_3,135.55
2023-09-03,Stock_3,133.66
2023-09-04,Stock_3,133.21
2023-09-05,Stock_3,130.78
2023-09-06,Stock_3,129.2
2023-09-07,Stock_3,129.96
2023-09-08,Stock_3,130.75
2023-09-09,Stock_3,131.17
2023-09-10,Stock_3,130.21
2023-09-11,Stock_3,130.16
2023-09-12,Stock_3,130.15
2023-09-13,Stock_3,129.0
2023-09-14,Stock_3,130.5
2023-09-15,Stock_3,131.38
2023-09-16,Stock_3,131.16
2023-09-17,Stock_3,131.18
2023-09-18,Stock_3,131.39
2023-09-19,Stock_3,129.35
2023-09-20,Stock_3,129.1
2023-09-21,Stock_3,128.42
2023-09-22,Stock_3,127.42
2023-09-23,Stock_3,127.14
2023-09-24,Stock_3,128.93
2023-09-25,Stock_3,129.58
2023-09-26,Stock_3,129.0
2023-09-27,Stock_3,129.58
2023-09-28,Stock_3,130.98
2023-09-29,Stock_3,131.9
2023-09-30,Stock_3,131.96
2023-10-01,Stock_3,131.31
2023-10-02,Stock_3,132.01
2023-10-03,Stock_3,132.41
2023-10-04,Stock_3,133.3
2023-10-05,Stock_3,133.94
2023-10-06,Stock_3,134.99
2023-10-07,Stock_3,134.45
2023-10-08,Stock_3,135.77
2023-10-09,Stock_3,135.96
2023-10-10,Stock_3,138.04
2023-10-11,Stock_3,137.35
2023-10-12,Stock_3,139.09
2023-10-13,Stock_3,139.28
2023-10-14,Stock_3,138.63
2023-10-15,Stock_3,138.15
2023-10-16,Stock_3,137.83
2023-10-17,Stock_3,138.25
2023-10-18,Stock_3,138.78
2023-10-19,Stock_3,138.2
2023-10-20,Stock_3,138.18
2023-10-21,Stock_3,140.32
2023-10-22,Stock_3,142.05
2023-10-23,Stock_3,142.48
2023-10-24,Stock_3,142.52
2023-10-25,Stock_3,142.64
2023-10-26,Stock_3,143.26
2023-10-27,Stock_3,142.23
2023-10-28,Stock_3,141.98
2023-10-29,Stock_3,140.31
2023-10-30,Stock_3,140.71
2023-10-31,Stock_3,141.35
2023-11-01,Stock_3,140.87
2023-11-02,Stock_3,142.44
2023-11-03,Stock_3,141.22
2023-11-04,Stock_3,139.75
2023-11-05,Stock_3,139.98
2023-11-06,Stock_3,141.03
2023-11-07,Stock_3,142.71
2023-11-08,Stock_3,142.25
2023-11-09,Stock_3,143.33
2023-11-10,Stock_3,143.29
2023-11-11,Stock_3,143.12
2023-11-12,Stock_3,144.0
2023-11-13,Stock_3,144.65
2023-11-14,Stock_3,143.08
2023-11-15,Stock_3,144.55
2023-11-16,Stock_3,145.93
2023-11-17,Stock_3,145.31
2023-11-18,Stock_3,145.7
2023-11-19,Stock_3,146.2
2023-11-20,Stock_3,146.46
2023-11-21,Stock_3,145.91
2023-11-22,Stock_3,145.24
2023-11-23,Stock_3,145.21
2023-11-24,Stock_3,146.38
2023-11-25,Stock_3,146.93
2023-11-26,Stock_3,146.56
2023-11-27,Stock_3,147.33
2023-11-28,Stock_3,144.48
2023-11-29,Stock_3,145.63
2023-11-30,Stock_3,143.89
2023-12-01,Stock_3,143.53
2023-12-02,Stock_3,142.41
2023-12-03,Stock_3,141.11
2023-12-04,Stock_3,142.27
2023-12-05,Stock_3,141.81
2023-12-06,Stock_3,142.15
2023-12-07,Stock_3,142.11
2023-12-08,Stock_3,142.58
2023-12-09,Stock_3,142.66
2023-12-10,Stock_3,141.38
2023-12-11,Stock_3,142.37
2023-12-12,Stock_3,141.88
2023-12-13,Stock_3,140.32
2023-12-14,Stock_3,139.89
2023-12-15,Stock_3,141.4
2023-12-16,Stock_3,142.25
2023-12-17,Stock_3,141.9
2023-12-18,Stock_3,141.55
2023-12-19,Stock_3,141.23
2023-12-20,Stock_3,143.3
2023-12-21,Stock_3,143.68
2023-12-22,Stock_3,144.11
2023-12-23,Stock_3,145.14
2023-12-24,Stock_3,145.38
2023-12-25,Stock_3,145.12
2023-12-26,Stock_3,144.93
2023-12-27,Stock_3,144.86
2023-12-28,Stock_3,144.82
2023-12-29,Stock_3,145.55
2023-12-30,Stock_3,145.6
2023-12-31,Stock_3,146.33
2023-01-01,Stock_4,99.92
2023-01-02,Stock_4,100.0
2023-01-03,Stock_4,98.0
2023-01-04,Stock_4,98.92
2023-01-05,Stock_4,99.26
2023-01-06,Stock_4,100.26
2023-01-07,Stock_4,97.36
2023-01-08,Stock_4,99.45
2023-01-09,Stock_4,99.31
2023-01-10,Stock_4,100.42
2023-01-11,Stock_4,99.38
2023-01-12,Stock_4,99.99
2023-01-13,Stock_4,98.94
2023-01-14,Stock_4,98.32
2023-01-15,Stock_4,100.23
2023-01-16,Stock_4,100.04
2023-01-17,Stock_4,100.26
2023-01-18,Stock_4,101.13
2023-01-19,Stock_4,101.62
2023-01-20,Stock_4,101.77
2023-01-21,Stock_4,102.14
2023-01-22,Stock_4,104.54
2023-01-23,Stock_4,104.48
2023-01-24,Stock_4,104.69
2023-01-25,Stock_4,105.74
2023-01-26,Stock_4,106.84
2023-01-27,Stock_4,108.03
2023-01-28,Stock_4,108.67
2023-01-29,Stock_4,107.52
2023-01-30,Stock_4,109.16
2023-01-31,Stock_4,108.01
2023-02-01,Stock_4,108.31
2023-02-02,Stock_4,107.56
2023-02-03,Stock_4,107.5
2023-02-04,Stock_4,107.82
2023-02-05,Stock_4,108.15
2023-02-06,Stock_4,108.57
2023-02-07,Stock_4,110.18
2023-02-08,Stock_4,110.64
2023-02-09,Stock_4,110.39
2023-02-10,Stock_4,111.36
2023-02-11,Stock_4,112.54
2023-02-12,Stock_4,111.32
2023-02-13,Stock_4,111.91
2023-02-14,Stock_4,112.62
2023-02-15,Stock_4,112.32
2023-02-16,Stock_4,113.69
2023-02-17,Stock_4,113.54
2023-02-18,Stock_4,113.67
2023-02-19,Stock_4,113.5
2023-02-20,Stock_4,113.51
2023-02-21,Stock_4,112.42
2023-02-22,Stock_4,110.98
2023-02-23,Stock_4,112.57
2023-02-24,Stock_4,111.72
2023-02-25,Stock_4,110.73
2023-02-26,Stock_4,108.58
2023-02-27,Stock_4,107.94
2023-02-28,Stock_4,106.62
2023-03-01,Stock_4,108.26
2023-03-02,Stock_4,109.27
2023-03-03,Stock_4,108.58
2023-03-04,Stock_4,110.83
2023-03-05,Stock_4,111.81
2023-03-06,Stock_4,111.49
2023-03-07,Stock_4,108.99
2023-03-08,Stock_4,111.28
2023-03-09,Stock_4,109.89
2023-03-10,Stock_4,108.25
2023-03-11,Stock_4,109.27
2023-03-12,Stock_4,111.71
2023-03-13,Stock_4,113.09
2023-03-14,Stock_4,113.66
2023-03-15,Stock_4,114.25
2023-03-16,Stock_4,115.1
2023-03-17,Stock_4,115.86
2023-03-18,Stock_4,116.14
2023-03-19,Stock_4,116.25
2023-03-20,Stock_4,116.19
2023-03-21,Stock_4,115.43
2023-03-22,Stock_4,115.15
2023-03-23,Stock_4,113.46
2023-03-24,Stock_4,113.36
2023-03-25,Stock_4,112.37
2023-03-26,Stock_4,111.27
2023-03-27,Stock_4,111.45
2023-03-28,Stock_4,112.84
2023-03-29,Stock_4,113.76
2023-03-30,Stock_4,112.19
2023-03-31,Stock_4,111.2
2023-04-01,Stock_4,112.14
2023-04-02,Stock_4,111.16
2023-04-03,Stock_4,110.93
2023-04-04,Stock_4,111.48
2023-04-05,Stock_4,110.51
2023-04-06,Stock_4,110.62
2023-04-07,Stock_4,109.28
2023-04-08,Stock_4,108.68
2023-04-09,Stock_4,109.0
2023-04-10,Stock_4,107.41
2023-04-11,Stock_4,107.85
2023-04-12,Stock_4,107.83
2023-04-13,Stock_4,108.38
2023-04-14,Stock_4,108.61
2023-04-15,Stock_4,109.97
2023-04-16,Stock_4,110.1
2023-04-17,Stock_4,109.67
2023-04-18,Stock_4,109.79
2023-04-19,Stock_4,110.33
2023-04-20,Stock_4,110.38
2023-04-21,Stock_4,110.42
2023-04-22,Stock_4,109.72
2023-04-23,Stock_4,109.06
2023-04-24,Stock_4,107.66
2023-04-25,Stock_4,109.4
2023-04-26,Stock_4,108.16
2023-04-27,Stock_4,107.47
2023-04-28,Stock_4,106.75
2023-04-29,Stock_4,107.64
2023-04-30,Stock_4,107.35
2023-05-01,Stock_4,108.6
2023-05-02,Stock_4,107.92
2023-05-03,Stock_4,108.2
2023-05-04,Stock_4,107.37
2023-05-05,Stock_4,109.51
2023-05-06,Stock_4,108.32
2023-05-07,Stock_4,108.63
2023-05-08,Stock_4,109.27
2023-05-09,Stock_4,109.68
2023-05-10,Stock_4,109.5
2023-05-11,Stock_4,109.37
2023-05-12,Stock_4,109.41
2023-05-13,Stock_4,109.26
2023-05-14,Stock_4,110.23
2023-05-15,Stock_4,112.44
2023-05-16,Stock_4,111.88
2023-05-17,Stock_4,110.51
2023-05-18,Stock_4,110.42
2023-05-19,Stock_4,113.0
2023-05-20,Stock_4,112.2
2023-05-21,Stock_4,113.84
2023-05-22,Stock_4,115.52
2023-05-23,Stock_4,114.96
2023-05-24,Stock_4,115.53
2023-05-25,Stock_4,117.16
2023-05-26,Stock_4,116.78
2023-05-27,Stock_4,116.58
2023-05-28,Stock_4,116.0
2023-05-29,Stock_4,114.98
2023-05-30,Stock_4,114.33
2023-05-31,Stock_4,113.11
2023-06-01,Stock_4,113.14
2023-06-02,Stock_4,112.37
2023-06-03,Stock_4,112.6
2023-06-04,Stock_4,111.05
2023-06-05,Stock_4,111.38
2023-06-06,Stock_4,112.21
2023-06-07,Stock_4,110.22
2023-06-08,Stock_4,110.59
2023-06-09,Stock_4,111.82
2023-06-10,Stock_4,110.61
2023-06-11,Stock_4,112.28
2023-06-12,Stock_4,112.7
2023-06-13,Stock_4,112.0
2023-06-14,Stock_4,111.94
2023-06-15,Stock_4,112.5
2023-06-16,Stock_4,112.58
2023-06-17,Stock_4,113.12
2023-06-18,Stock_4,112.2
2023-06-19,Stock_4,112.36
2023-06-20,Stock_4,110.95
2023-06-21,Stock_4,110.84
2023-06-22,Stock_4,109.94
2023-06-23,Stock_4,109.2
2023-06-24,Stock_4,110.44
2023-06-25,Stock_4,111.53
2023-06-26,Stock_4,112.14
2023-06-27,Stock_4,111.04
2023-06-28,Stock_4,110.73
2023-06-29,Stock_4,111.94
2023-06-30,Stock_4,112.08
2023-07-01,Stock_4,114.4
2023-07-02,Stock_4,114.8
2023-07-03,Stock_4,114.99
2023-07-04,Stock_4,114.68
2023-07-05,Stock_4,114.81
2023-07-06,Stock_4,114.66
2023-07-07,Stock_4,115.37
2023-07-08,Stock_4,116.32
2023-07-09,Stock_4,115.54
2023-07-10,Stock_4,114.21
2023-07-11,Stock_4,112.37
2023-07-12,Stock_4,112.88
2023-07-13,Stock_4,111.78
2023-07-14,Stock_4,109.62
2023-07-15,Stock_4,110.01
2023-07-16,Stock_4,112.5
2023-07-17,Stock_4,112.5
2023-07-18,Stock_4,113.34
2023-07-19,Stock_4,113.42
2023-07-20,Stock_4,113.32
2023-07-21,Stock_4,114.24
2023-07-22,Stock_4,113.95
2023-07-23,Stock_4,114.22
2023-07-24,Stock_4,114.54
2023-07-25,Stock_4,113.87
2023-07-26,Stock_4,114.86
2023-07-27,Stock_4,114.69
2023-07-28,Stock_4,113.93
2023-07-29,Stock_4,114.47
2023-07-30,Stock_4,113.57
2023-07-31,Stock_4,113.6
2023-08-01,Stock_4,113.59
2023-08-02,Stock_4,114.67
2023-08-03,Stock_4,115.15
2023-08-04,Stock_4,115.12
2023-08-05,Stock_4,115.94
2023-08-06,Stock_4,117.33
2023-08-07,Stock_4,117.89
2023-08-08,Stock_4,117.9
2023-08-09,Stock_4,116.59
2023-08-10,Stock_4,115.52
2023-08-11,Stock_4,115.22
2023-08-12,Stock_4,114.61
2023-08-13,Stock_4,114.42
2023-08-14,Stock_4,114.48
2023-08-15,Stock_4,115.01
2023-08-16,Stock_4,114.94
2023-08-17,Stock_4,115.42
2023-08-18,Stock_4,115.49
2023-08-19,Stock_4,113.51
2023-08-20,Stock_4,112.57
2023-08-21,Stock_4,112.43
2023-08-22,Stock_4,111.22
2023-08-23,Stock_4,111.82
2023-08-24,Stock_4,113.35
2023-08-25,Stock_4,114.57
2023-08-26,Stock_4,114.35
2023-08-27,Stock_4,115.85
2023-08-28,Stock_4,115.99
2023-08-29,Stock_4,115.66
2023-08-30,Stock_4,115.04
2023-08-31,Stock_4,114.74
2023-09-01,Stock_4,114.35
2023-09-02,Stock_4,114.52
2023-09-03,Stock_4,114.68
2023-09-04,Stock_4,114.69
2023-09-05,Stock_4,115.12
2023-09-06,Stock_4,116.31
2023-09-07,Stock_4,117.26
2023-09-08,Stock_4,115.78
2023-09-09,Stock_4,113.23
2023-09-10,Stock_4,114.16
2023-09-11,Stock_4,112.79
2023-09-12,Stock_4,112.57
2023-09-13,Stock_4,111.4
2023-09-14,Stock_4,109.6
2023-09-15,Stock_4,110.14
2023-09-16,Stock_4,110.9
2023-09-17,Stock_4,110.32
2023-09-18,Stock_4,107.73
2023-09-19,Stock_4,107.18
2023-09-20,Stock_4,107.57
2023-09-21,Stock_4,106.1
2023-09-22,Stock_4,106.28
2023-09-23,Stock_4,106.26
2023-09-24,Stock_4,106.84
2023-09-25,Stock_4,106.96
2023-09-26,Stock_4,105.99
2023-09-27,Stock_4,107.19
2023-09-28,Stock_4,107.03
2023-09-29,Stock_4,107.0
2023-09-30,Stock_4,106.07
2023-10-01,Stock_4,105.62
2023-10-02,Stock_4,104.74
2023-10-03,Stock_4,104.57
2023-10-04,Stock_4,106.28
2023-10-05,Stock_4,104.91
2023-10-06,Stock_4,103.29
2023-10-07,Stock_4,104.76
2023-10-08,Stock_4,104.55
2023-10-09,Stock_4,103.89
2023-10-10,Stock_4,104.93
2023-10-11,Stock_4,104.32
2023-10-12,Stock_4,106.15
2023-10-13,Stock_4,106.82
2023-10-14,Stock_4,106.34
2023-10-15,Stock_4,108.49
2023-10-16,Stock_4,107.89
2023-10-17,Stock_4,108.63
2023-10-18,Stock_4,108.93
2023-10-19,Stock_4,110.23
2023-10-20,Stock_4,111.79
2023-10-21,Stock_4,111.82
2023-10-22,Stock_4,111.07
2023-10-23,Stock_4,111.53
2023-10-24,Stock_4,110.85
2023-10-25,Stock_4,112.87
2023-10-26,Stock_4,113.0
2023-10-27,Stock_4,112.64
2023-10-28,Stock_4,112.82
2023-10-29,Stock_4,111.47
2023-10-30,Stock_4,110.5
2023-10-31,Stock_4,111.7
2023-11-01,Stock_4,111.05
2023-11-02,Stock_4,110.0
2023-11-03,Stock_4,110.54
2023-11-04,Stock_4,111.72
2023-11-05,Stock_4,112.44
2023-11-06,Stock_4,113.44
2023-11-07,Stock_4,112.68
2023-11-08,Stock_4,111.26
2023-11-09,Stock_4,112.76
2023-11-10,Stock_4,112.44
2023-11-11,Stock_4,112.19
2023-11-12,Stock_4,113.51
2023-11-13,Stock_4,114.07
2023-11-14,Stock_4,114.53
2023-11-15,Stock_4,116.69
2023-11-16,Stock_4,116.05
2023-11-17,Stock_4,116.98
2023-11-18,Stock_4,117.03
2023-11-19,Stock_4,117.3
2023-11-20,Stock_4,118.83
2023-11-21,Stock_4,119.34
2023-11-22,Stock_4,119.88
2023-11-23,Stock_4,120.95
2023-11-24,Stock_4,120.58
2023-11-25,Stock_4,119.74
2023-11-26,Stock_4,118.7
2023-11-27,Stock_4,116.73
2023-11-28,Stock_4,118.79
2023-11-29,Stock_4,117.69
2023-11-30,Stock_4,117.47
2023-12-01,Stock_4,117.19
2023-12-02,Stock_4,117.5
2023-12-03,Stock_4,118.31
2023-12-04,Stock_4,119.17
2023-12-05,Stock_4,118.59
2023-12-06,Stock_4,118.42
2023-12-07,Stock_4,118.7
2023-12-08,Stock_4,118.46
2023-12-09,Stock_4,120.06
2023-12-10,Stock_4,120.55
2023-12-11,Stock_4,121.29
2023-12-12,Stock_4,121.95
2023-12-13,Stock_4,123.13
2023-12-14,Stock_4,123.31
2023-12-15,Stock_4,122.01
2023-12-16,Stock_4,122.41
2023-12-17,Stock_4,121.76
2023-12-18,Stock_4,121.23
2023-12-19,Stock_4,121.82
2023-12-20,Stock_4,123.05
2023-12-21,Stock_4,123.07
2023-12-22,Stock_4,123.38
2023-12-23,Stock_4,125.09
2023-12-24,Stock_4,125.33
2023-12-25,Stock_4,127.93
2023-12-26,Stock_4,128.49
2023-12-27,Stock_4,126.73
2023-12-28,Stock_4,127.49
2023-12-29,Stock_4,127.87
2023-12-30,Stock_4,129.16
2023-12-31,Stock_4,129.83
2023-01-01,Stock_5,99.86
2023-01-02,Stock_5,98.64
2023-01-03,Stock_5,98.43
2023-01-04,Stock_5,97.58
2023-01-05,Stock_5,97.0
2023-01-06,Stock_5,97.59
2023-01-07,Stock_5,99.26
2023-01-08,Stock_5,99.65
2023-01-09,Stock_5,98.45
2023-01-10,Stock_5,98.9
2023-01-11,Stock_5,100.1
2023-01-12,Stock_5,99.49
2023-01-13,Stock_5,99.35
2023-01-14,Stock_5,99.37
2023-01-15,Stock_5,98.58
2023-01-16,Stock_5,99.23
2023-01-17,Stock_5,99.11
2023-01-18,Stock_5,99.53
2023-01-19,Stock_5,98.64
2023-01-20,Stock_5,98.2
2023-01-21,Stock_5,98.93
2023-01-22,Stock_5,98.55
2023-01-23,Stock_5,100.28
2023-01-24,Stock_5,99.88
2023-01-25,Stock_5,100.11
2023-01-26,Stock_5,101.04
2023-01-27,Stock_5,99.62
2023-01-28,Stock_5,97.86
2023-01-29,Stock_5,96.33
2023-01-30,Stock_5,97.6
2023-01-31,Stock_5,97.04
2023-02-01,Stock_5,99.6
2023-02-02,Stock_5,99.04
2023-02-03,Stock_5,99.22
2023-02-04,Stock_5,100.76
2023-02-05,Stock_5,102.77
2023-02-06,Stock_5,104.83
2023-02-07,Stock_5,106.04
2023-02-08,Stock_5,107.06
2023-02-09,Stock_5,107.66
2023-02-10,Stock_5,108.44
2023-02-11,Stock_5,107.88
2023-02-12,Stock_5,107.07
2023-02-13,Stock_5,107.06
2023-02-14,Stock_5,106.89
2023-02-15,Stock_5,106.44
2023-02-16,Stock_5,107.14
2023-02-17,Stock_5,108.09
2023-02-18,Stock_5,108.18
2023-02-19,Stock_5,109.66
2023-02-20,Stock_5,108.51
2023-02-21,Stock_5,108.32
2023-02-22,Stock_5,107.6
2023-02-23,Stock_5,105.74
2023-02-24,Stock_5,105.66
2023-02-25,Stock_5,105.53
2023-02-26,Stock_5,107.05
2023-02-27,Stock_5,107.68
2023-02-28,Stock_5,106.65
2023-03-01,Stock_5,108.51
2023-03-02,Stock_5,109.73
2023-03-03,Stock_5,110.31
2023-03-04,Stock_5,110.08
2023-03-05,Stock_5,109.12
2023-03-06,Stock_5,108.75
2023-03-07,Stock_5,109.84
2023-03-08,Stock_5,111.73
2023-03-09,Stock_5,113.27
2023-03-10,Stock_5,112.78
2023-03-11,Stock_5,111.66
2023-03-12,Stock_5,111.8
2023-03-13,Stock_5,110.03
2023-03-14,Stock_5,110.36
2023-03-15,Stock_5,110.21
2023-03-16,Stock_5,109.74
2023-03-17,Stock_5,108.15
2023-03-18,Stock_5,108.66
2023-03-19,Stock_5,108.13
2023-03-20,Stock_5,106.96
2023-03-21,Stock_5,104.09
2023-03-22,Stock_5,104.06
2023-03-23,Stock_5,105.83
2023-03-24,Stock_5,107.49
2023-03-25,Stock_5,107.04
2023-03-26,Stock_5,106.43
2023-03-27,Stock_5,106.9
2023-03-28,Stock_5,105.9
2023-03-29,Stock_5,106.21
2023-03-30,Stock_5,106.97
2023-03-31,Stock_5,108.2
2023-04-01,Stock_5,108.1
2023-04-02,Stock_5,107.89
2023-04-03,Stock_5,107.02
2023-04-04,Stock_5,106.19
2023-04-05,Stock_5,105.96
2023-04-06,Stock_5,106.33
2023-04-07,Stock_5,107.24
2023-04-08,Stock_5,106.44
2023-04-09,Stock_5,107.93
2023-04-10,Stock_5,107.66
2023-04-11,Stock_5,107.64
2023-04-12,Stock_5,106.89
2023-04-13,Stock_5,104.47
2023-04-14,Stock_5,105.35
2023-04-15,Stock_5,106.09
2023-04-16,Stock_5,105.81
2023-04-17,Stock_5,105.88
2023-04-18,Stock_5,106.39
2023-04-19,Stock_5,104.83
2023-04-20,Stock_5,104.3
2023-04-21,Stock_5,105.1
2023-04-22,Stock_5,103.84
2023-04-23,Stock_5,104.13
2023-04-24,Stock_5,102.78
2023-04-25,Stock_5,103.24
2023-04-26,Stock_5,103.21
2023-04-27,Stock_5,101.59
2023-04-28,Stock_5,102.76
2023-04-29,Stock_5,102.02
2023-04-30,Stock_5,101.21
2023-05-01,Stock_5,101.41
2023-05-02,Stock_5,102.56
2023-05-03,Stock_5,101.55
2023-05-04,Stock_5,101.61
2023-05-05,Stock_5,102.04
2023-05-06,Stock_5,102.73
2023-05-07,Stock_5,102.91
2023-05-08,Stock_5,102.54
2023-05-09,Stock_5,101.71
2023-05-10,Stock_5,101.8
2023-05-11,Stock_5,100.73
2023-05-12,Stock_5,97.8
2023-05-13,Stock_5,98.24
2023-05-14,Stock_5,99.15
2023-05-15,Stock_5,96.78
2023-05-16,Stock_5,95.77
2023-05-17,Stock_5,96.39
2023-05-18,Stock_5,98.45
2023-05-19,Stock_5,98.47
2023-05-20,Stock_5,97.74
2023-05-21,Stock_5,97.56
2023-05-22,Stock_5,98.93
2023-05-23,Stock_5,98.29
2023-05-24,Stock_5,97.49
2023-05-25,Stock_5,97.01
2023-05-26,Stock_5,96.05
2023-05-27,Stock_5,96.18
2023-05-28,Stock_5,97.8
2023-05-29,Stock_5,98.12
2023-05-30,Stock_5,97.87
2023-05-31,Stock_5,97.58
2023-06-01,Stock_5,96.02
2023-06-02,Stock_5,96.9
2023-06-03,Stock_5,96.82
2023-06-04,Stock_5,96.64
2023-06-05,Stock_5,99.83
2023-06-06,Stock_5,100.13
2023-06-07,Stock_5,99.38
2023-06-08,Stock_5,98.95
2023-06-09,Stock_5,100.1
2023-06-10,Stock_5,100.22
2023-06-11,Stock_5,98.78
2023-06-12,Stock_5,99.7
2023-06-13,Stock_5,99.03
2023-06-14,Stock_5,100.9
2023-06-15,Stock_5,101.98
2023-06-16,Stock_5,101.53
2023-06-17,Stock_5,102.82
2023-06-18,Stock_5,102.88
2023-06-19,Stock_5,103.74
2023-06-20,Stock_5,104.22
2023-06-21,Stock_5,103.38
2023-06-22,Stock_5,102.73
2023-06-23,Stock_5,103.76
2023-06-24,Stock_5,103.43
2023-06-25,Stock_5,103.02
2023-06-26,Stock_5,102.07
2023-06-27,Stock_5,102.49
2023-06-28,Stock_5,104.55
2023-06-29,Stock_5,103.49
2023-06-30,Stock_5,103.51
2023-07-01,Stock_5,104.92
2023-07-02,Stock_5,104.84
2023-07-03,Stock_5,105.3
2023-07-04,Stock_5,104.23
2023-07-05,Stock_5,104.66
2023-07-06,Stock_5,104.47
2023-07-07,Stock_5,105.46
2023-07-08,Stock_5,106.65
2023-07-09,Stock_5,109.24
2023-07-10,Stock_5,109.82
2023-07-11,Stock_5,110.14
2023-07-12,Stock_5,110.34
2023-07-13,Stock_5,109.98
2023-07-14,Stock_5,110.32
2023-07-15,Stock_5,110.03
2023-07-16,Stock_5,110.2
2023-07-17,Stock_5,111.51
2023-07-18,Stock_5,110.51
2023-07-19,Stock_5,111.65
2023-07-20,Stock_5,112.96
2023-07-21,Stock_5,112.85
2023-07-22,Stock_5,110.72
2023-07-23,Stock_5,110.12
2023-07-24,Stock_5,111.41
2023-07-25,Stock_5,111.39
2023-07-26,Stock_5,110.39
2023-07-27,Stock_5,109.89
2023-07-28,Stock_5,110.73
2023-07-29,Stock_5,111.27
2023-07-30,Stock_5,111.03
2023-07-31,Stock_5,110.67
2023-08-01,Stock_5,110.28
2023-08-02,Stock_5,109.35
2023-08-03,Stock_5,110.97
2023-08-04,Stock_5,110.65
2023-08-05,Stock_5,111.86
2023-08-06,Stock_5,113.38
2023-08-07,Stock_5,114.38
2023-08-08,Stock_5,113.95
2023-08-09,Stock_5,114.36
2023-08-10,Stock_5,114.33
2023-08-11,Stock_5,113.43
2023-08-12,Stock_5,113.75
2023-08-13,Stock_5,112.57
2023-08-14,Stock_5,113.76
2023-08-15,Stock_5,113.3
2023-08-16,Stock_5,113.5
2023-08-17,Stock_5,113.78
2023-08-18,Stock_5,113.52
2023-08-19,Stock_5,114.11
2023-08-20,Stock_5,113.63
2023-08-21,Stock_5,114.5
2023-08-22,Stock_5,113.16
2023-08-23,Stock_5,113.28
2023-08-24,Stock_5,115.22
2023-08-25,Stock_5,114.22
2023-08-26,Stock_5,113.55
2023-08-27,Stock_5,114.06
2023-08-28,Stock_5,114.24
2023-08-29,Stock_5,114.59
2023-08-30,Stock_5,115.08
2023-08-31,Stock_5,115.71
2023-09-01,Stock_5,116.82
2023-09-02,Stock_5,117.23
2023-09-03,Stock_5,116.99
2023-09-04,Stock_5,117.66
2023-09-05,Stock_5,119.56
2023-09-06,Stock_5,119.43
2023-09-07,Stock_5,118.46
2023-09-08,Stock_5,119.56
2023-09-09,Stock_5,119.44
2023-09-10,Stock_5,117.27
2023-09-11,Stock_5,118.12
2023-09-12,Stock_5,117.58
2023-09-13,Stock_5,117.49
2023-09-14,Stock_5,117.82
2023-09-15,Stock_5,118.02
2023-09-16,Stock_5,118.72
2023-09-17,Stock_5,118.29
2023-09-18,Stock_5,118.8
2023-09-19,Stock_5,118.54
2023-09-20,Stock_5,119.28
2023-09-21,Stock_5,119.9
2023-09-22,Stock_5,118.96
2023-09-23,Stock_5,120.05
2023-09-24,Stock_5,119.51
2023-09-25,Stock_5,120.32
2023-09-26,Stock_5,120.69
2023-09-27,Stock_5,122.52
2023-09-28,Stock_5,122.3
2023-09-29,Stock_5,121.95
2023-09-30,Stock_5,121.93
2023-10-01,Stock_5,121.63
2023-10-02,Stock_5,122.43
2023-10-03,Stock_5,120.81
2023-10-04,Stock_5,119.76
2023-10-05,Stock_5,118.69
2023-10-06,Stock_5,119.64
2023-10-07,Stock_5,121.35
2023-10-08,Stock_5,121.25
2023-10-09,Stock_5,121.08
2023-10-10,Stock_5,121.15
2023-10-11,Stock_5,122.31
2023-10-12,Stock_5,121.38
2023-10-13,Stock_5,121.62
2023-10-14,Stock_5,122.6
2023-10-15,Stock_5,123.1
2023-10-16,Stock_5,123.29
2023-10-17,Stock_5,124.29
2023-10-18,Stock_5,121.59
2023-10-19,Stock_5,122.26
2023-10-20,Stock_5,121.61
2023-10-21,Stock_5,119.78
2023-10-22,Stock_5,120.29
2023-10-23,Stock_5,121.66
2023-10-24,Stock_5,121.53
2023-10-25,Stock_5,122.48
2023-10-26,Stock_5,124.09
2023-10-27,Stock_5,125.41
2023-10-28,Stock_5,127.05
2023-10-29,Stock_5,127.79
2023-10-30,Stock_5,127.86
2023-10-31,Stock_5,126.26
2023-11-01,Stock_5,126.02
2023-11-02,Stock_5,125.17
2023-11-03,Stock_5,127.34
2023-11-04,Stock_5,127.17
2023-11-05,Stock_5,127.29
2023-11-06,Stock_5,127.84
2023-11-07,Stock_5,127.89
2023-11-08,Stock_5,129.58
2023-11-09,Stock_5,128.96
2023-11-10,Stock_5,129.15
2023-11-11,Stock_5,128.41
2023-11-12,Stock_5,127.09
2023-11-13,Stock_5,126.48
2023-11-14,Stock_5,126.44
2023-11-15,Stock_5,126.01
2023-11-16,Stock_5,125.32
2023-11-17,Stock_5,123.91
2023-11-18,Stock_5,123.83
2023-11-19,Stock_5,122.33
2023-11-20,Stock_5,123.09
2023-11-21,Stock_5,123.17
2023-11-22,Stock_5,121.71
2023-11-23,Stock_5,121.4
2023-11-24,Stock_5,120.65
2023-11-25,Stock_5,120.97
2023-11-26,Stock_5,122.31
2023-11-27,Stock_5,120.43
2023-11-28,Stock_5,120.55
2023-11-29,Stock_5,120.39
2023-11-30,Stock_5,121.06
2023-12-01,Stock_5,121.27
2023-12-02,Stock_5,120.52
2023-12-03,Stock_5,120.2
2023-12-04,Stock_5,119.41
2023-12-05,Stock_5,120.48
2023-12-06,Stock_5,120.5
2023-12-07,Stock_5,122.4
2023-12-08,Stock_5,122.34
2023-12-09,Stock_5,121.64
2023-12-10,Stock_5,120.12
2023-12-11,Stock_5,118.32
2023-12-12,Stock_5,116.73
2023-12-13,Stock_5,117.0
2023-12-14,Stock_5,117.51
2023-12-15,Stock_5,115.93
2023-12-16,Stock_5,116.82
2023-12-17,Stock_5,116.34
2023-12-18,Stock_5,116.49
2023-12-19,Stock_5,118.1
2023-12-20,Stock_5,119.0
2023-12-21,Stock_5,118.73
2023-12-22,Stock_5,117.84
2023-12-23,Stock_5,115.69
2023-12-24,Stock_5,114.97
2023-12-25,Stock_5,114.76
2023-12-26,Stock_5,113.77
2023-12-27,Stock_5,113.64
2023-12-28,Stock_5,113.71
2023-12-29,Stock_5,113.49
2023-12-30,Stock_5,112.84
2023-12-31,Stock_5,113.01
2023-01-01,Stock_6,100.44
2023-01-02,Stock_6,99.35
2023-01-03,Stock_6,100.76
2023-01-04,Stock_6,100.66
2023-01-05,Stock_6,100.68
2023-01-06,Stock_6,101.39
2023-01-07,Stock_6,101.62
2023-01-08,Stock_6,102.58
2023-01-09,Stock_6,102.86
2023-01-10,Stock_6,102.25
2023-01-11,Stock_6,102.61
2023-01-12,Stock_6,101.47
2023-01-13,Stock_6,101.58
2023-01-14,Stock_6,101.55
2023-01-15,Stock_6,101.34
2023-01-16,Stock_6,101.21
2023-01-17,Stock_6,99.33
2023-01-18,Stock_6,98.78
2023-01-19,Stock_6,98.87
2023-01-20,Stock_6,99.03
2023-01-21,Stock_6,98.0
2023-01-22,Stock_6,99.27
2023-01-23,Stock_6,98.4
2023-01-24,Stock_6,99.37
2023-01-25,Stock_6,99.8
2023-01-26,Stock_6,99.15
2023-01-27,Stock_6,100.93
2023-01-28,Stock_6,99.73
2023-01-29,Stock_6,100.65
2023-01-30,Stock_6,101.65
2023-01-31,Stock_6,100.98
2023-02-01,Stock_6,102.38
2023-02-02,Stock_6,102.13
2023-02-03,Stock_6,102.41
2023-02-04,Stock_6,102.68
2023-02-05,Stock_6,102.54
2023-02-06,Stock_6,103.35
2023-02-07,Stock_6,104.15
2023-02-08,Stock_6,102.4
2023-02-09,Stock_6,103.7
2023-02-10,Stock_6,102.04
2023-02-11,Stock_6,103.07
2023-02-12,Stock_6,104.2
2023-02-13,Stock_6,103.11
2023-02-14,Stock_6,102.7
2023-02-15,Stock_6,101.59
2023-02-16,Stock_6,101.38
2023-02-17,Stock_6,101.07
2023-02-18,Stock_6,101.85
2023-02-19,Stock_6,103.16
2023-02-20,Stock_6,104.55
2023-02-21,Stock_6,103.99
2023-02-22,Stock_6,103.78
2023-02-23,Stock_6,102.1
2023-02-24,Stock_6,101.29
2023-02-25,Stock_6,102.26
2023-02-26,Stock_6,103.87
2023-02-27,Stock_6,102.64
2023-02-28,Stock_6,102.05
2023-03-01,Stock_6,102.02
2023-03-02,Stock_6,102.3
2023-03-03,Stock_6,101.49
2023-03-04,Stock_6,101.91
2023-03-05,Stock_6,101.44
2023-03-06,Stock_6,101.43
2023-03-07,Stock_6,101.97
2023-03-08,Stock_6,101.98
2023-03-09,Stock_6,101.54
2023-03-10,Stock_6,101.43
2023-03-11,Stock_6,101.34
2023-03-12,Stock_6,100.97
2023-03-13,Stock_6,100.72
2023-03-14,Stock_6,102.31
2023-03-15,Stock_6,102.87
2023-03-16,Stock_6,102.58
2023-03-17,Stock_6,103.28
2023-03-18,Stock_6,102.94
2023-03-19,Stock_6,104.12
2023-03-20,Stock_6,104.49
2023-03-21,Stock_6,104.38
2023-03-22,Stock_6,104.83
2023-03-23,Stock_6,103.25
2023-03-24,Stock_6,102.13
2023-03-25,Stock_6,100.93
2023-03-26,Stock_6,101.08
2023-03-27,Stock_6,102.81
2023-03-28,Stock_6,105.04
2023-03-29,Stock_6,105.68
2023-03-30,Stock_6,106.18
2023-03-31,Stock_6,104.38
2023-04-01,Stock_6,103.84
2023-04-02,Stock_6,103.05
2023-04-03,Stock_6,102.43
2023-04-04,Stock_6,102.26
2023-04-05,Stock_6,101.79
2023-04-06,Stock_6,99.81
2023-04-07,Stock_6,100.56
2023-04-08,Stock_6,99.48
2023-04-09,Stock_6,99.72
2023-04-10,Stock_6,101.8
2023-04-11,Stock_6,100.88
2023-04-12,Stock_6,98.35
2023-04-13,Stock_6,98.06
2023-04-14,Stock_6,99.16
2023-04-15,Stock_6,101.12
2023-04-16,Stock_6,99.89
2023-04-17,Stock_6,100.39
2023-04-18,Stock_6,99.92
2023-04-19,Stock_6,99.82
2023-04-20,Stock_6,102.46
2023-04-21,Stock_6,100.96
2023-04-22,Stock_6,101.21
2023-04-23,Stock_6,101.68
2023-04-24,Stock_6,102.76
2023-04-25,Stock_6,102.86
2023-04-26,Stock_6,103.17
2023-04-27,Stock_6,102.78
2023-04-28,Stock_6,103.05
2023-04-29,Stock_6,102.7
2023-04-30,Stock_6,103.33
2023-05-01,Stock_6,102.96
2023-05-02,Stock_6,103.33
2023-05-03,Stock_6,103.3
2023-05-04,Stock_6,104.43
2023-05-05,Stock_6,104.38
2023-05-06,Stock_6,102.61
2023-05-07,Stock_6,103.87
2023-05-08,Stock_6,102.96
2023-05-09,Stock_6,102.31
2023-05-10,Stock_6,101.71
2023-05-11,Stock_6,103.09
2023-05-12,Stock_6,100.95
2023-05-13,Stock_6,104.09
2023-05-14,Stock_6,105.15
2023-05-15,Stock_6,105.37
2023-05-16,Stock_6,105.31
2023-05-17,Stock_6,105.6
2023-05-18,Stock_6,106.12
2023-05-19,Stock_6,106.77
2023-05-20,Stock_6,107.32
2023-05-21,Stock_6,107.41
2023-05-22,Stock_6,107.21
2023-05-23,Stock_6,107.06
2023-05-24,Stock_6,106.87
2023-05-25,Stock_6,108.0
2023-05-26,Stock_6,108.59
2023-05-27,Stock_6,105.65
2023-05-28,Stock_6,106.31
2023-05-29,Stock_6,106.5
2023-05-30,Stock_6,106.49
2023-05-31,Stock_6,106.1
2023-06-01,Stock_6,107.22
2023-06-02,Stock_6,108.17
2023-06-03,Stock_6,107.4
2023-06-04,Stock_6,107.8
2023-06-05,Stock_6,106.83
2023-06-06,Stock_6,105.45
2023-06-07,Stock_6,104.83
2023-06-08,Stock_6,105.69
2023-06-09,Stock_6,106.64
2023-06-10,Stock_6,107.15
2023-06-11,Stock_6,107.88
2023-06-12,Stock_6,108.4
2023-06-13,Stock_6,107.75
2023-06-14,Stock_6,108.19
2023-06-15,Stock_6,108.99
2023-06-16,Stock_6,109.74
2023-06-17,Stock_6,110.93
2023-06-18,Stock_6,111.64
2023-06-19,Stock_6,111.99
2023-06-20,Stock_6,113.06
2023-06-21,Stock_6,113.03
2023-06-22,Stock_6,112.15
2023-06-23,Stock_6,111.99
2023-06-24,Stock_6,111.24
2023-06-25,Stock_6,110.57
2023-06-26,Stock_6,110.42
2023-06-27,Stock_6,109.63
2023-06-28,Stock_6,109.32
2023-06-29,Stock_6,107.43
2023-06-30,Stock_6,107.64
2023-07-01,Stock_6,107.64
2023-07-02,Stock_6,106.83
2023-07-03,Stock_6,107.49
2023-07-04,Stock_6,108.42
2023-07-05,Stock_6,106.82
2023-07-06,Stock_6,106.05
2023-07-07,Stock_6,105.28
2023-07-08,Stock_6,104.34
2023-07-09,Stock_6,105.17
2023-07-10,Stock_6,104.98
2023-07-11,Stock_6,104.72
2023-07-12,Stock_6,102.71
2023-07-13,Stock_6,103.35
2023-07-14,Stock_6,102.11
2023-07-15,Stock_6,102.17
2023-07-16,Stock_6,102.44
2023-07-17,Stock_6,103.81
2023-07-18,Stock_6,102.5
2023-07-19,Stock_6,99.48
2023-07-20,Stock_6,99.66
2023-07-21,Stock_6,101.46
2023-07-22,Stock_6,102.7
2023-07-23,Stock_6,102.91
2023-07-24,Stock_6,102.42
2023-07-25,Stock_6,103.23
2023-07-26,Stock_6,102.25
2023-07-27,Stock_6,102.73
2023-07-28,Stock_6,103.23
2023-07-29,Stock_6,104.29
2023-07-30,Stock_6,107.05
2023-07-31,Stock_6,107.45
2023-08-01,Stock_6,106.94
2023-08-02,Stock_6,106.91
2023-08-03,Stock_6,105.14
2023-08-04,Stock_6,104.45
2023-08-05,Stock_6,104.04
2023-08-06,Stock_6,103.51
2023-08-07,Stock_6,103.67
2023-08-08,Stock_6,102.84
2023-08-09,Stock_6,103.97
2023-08-10,Stock_6,103.97
2023-08-11,Stock_6,103.96
2023-08-12,Stock_6,103.63
2023-08-13,Stock_6,103.78
2023-08-14,Stock_6,104.61
2023-08-15,Stock_6,103.74
2023-08-16,Stock_6,103.08
2023-08-17,Stock_6,102.78
2023-08-18,Stock_6,101.43
2023-08-19,Stock_6,100.61
2023-08-20,Stock_6,100.14
2023-08-21,Stock_6,101.01
2023-08-22,Stock_6,101.28
2023-08-23,Stock_6,101.47
2023-08-24,Stock_6,102.32
2023-08-25,Stock_6,102.18
2023-08-26,Stock_6,102.57
2023-08-27,Stock_6,102.47
2023-08-28,Stock_6,102.74
2023-08-29,Stock_6,102.15
2023-08-30,Stock_6,99.71
2023-08-31,Stock_6,99.58
2023-09-01,Stock_6,101.0
2023-09-02,Stock_6,101.93
2023-09-03,Stock_6,102.89
2023-09-04,Stock_6,104.13
2023-09-05,Stock_6,104.22
2023-09-06,Stock_6,104.42
2023-09-07,Stock_6,103.8
2023-09-08,Stock_6,103.48
2023-09-09,Stock_6,104.1
2023-09-10,Stock_6,105.3
2023-09-11,Stock_6,105.16
2023-09-12,Stock_6,104.71
2023-09-13,Stock_6,104.71
2023-09-14,Stock_6,105.31
2023-09-15,Stock_6,103.87
2023-09-16,Stock_6,101.57
2023-09-17,Stock_6,101.02
2023-09-18,Stock_6,99.8
2023-09-19,Stock_6,99.29
2023-09-20,Stock_6,99.15
2023-09-21,Stock_6,98.69
2023-09-22,Stock_6,100.15
2023-09-23,Stock_6,100.47
2023-09-24,Stock_6,100.77
2023-09-25,Stock_6,101.4
2023-09-26,Stock_6,100.26
2023-09-27,Stock_6,101.3
2023-09-28,Stock_6,101.22
2023-09-29,Stock_6,101.89
2023-09-30,Stock_6,100.82
2023-10-01,Stock_6,99.26
2023-10-02,Stock_6,100.08
2023-10-03,Stock_6,100.46
2023-10-04,Stock_6,99.56
2023-10-05,Stock_6,98.69
2023-10-06,Stock_6,99.81
2023-10-07,Stock_6,98.62
2023-10-08,Stock_6,100.27
2023-10-09,Stock_6,99.37
2023-10-10,Stock_6,100.0
2023-10-11,Stock_6,99.68
2023-10-12,Stock_6,100.28
2023-10-13,Stock_6,99.73
2023-10-14,Stock_6,99.57
2023-10-15,Stock_6,99.61
2023-10-16,Stock_6,98.61
2023-10-17,Stock_6,99.35
2023-10-18,Stock_6,98.84
2023-10-19,Stock_6,98.61
2023-10-20,Stock_6,97.61
2023-10-21,Stock_6,95.05
2023-10-22,Stock_6,94.86
2023-10-23,Stock_6,97.27
2023-10-24,Stock_6,98.06
2023-10-25,Stock_6,98.04
2023-10-26,Stock_6,97.78
2023-10-27,Stock_6,97.8
2023-10-28,Stock_6,98.35
2023-10-29,Stock_6,97.17
2023-10-30,Stock_6,98.28
2023-10-31,Stock_6,99.0
2023-11-01,Stock_6,99.71
2023-11-02,Stock_6,100.15
2023-11-03,Stock_6,100.17
2023-11-04,Stock_6,100.84
2023-11-05,Stock_6,101.44
2023-11-06,Stock_6,101.08
2023-11-07,Stock_6,100.51
2023-11-08,Stock_6,100.61
2023-11-09,Stock_6,102.16
2023-11-10,Stock_6,100.92
2023-11-11,Stock_6,99.45
2023-11-12,Stock_6,99.62
2023-11-13,Stock_6,99.67
2023-11-14,Stock_6,99.84
2023-11-15,Stock_6,100.09
2023-11-16,Stock_6,99.86
2023-11-17,Stock_6,101.35
2023-11-18,Stock_6,99.75
2023-11-19,Stock_6,98.92
2023-11-20,Stock_6,98.82
2023-11-21,Stock_6,97.18
2023-11-22,Stock_6,97.0
2023-11-23,Stock_6,98.66
2023-11-24,Stock_6,98.68
2023-11-25,Stock_6,98.91
2023-11-26,Stock_6,97.65
2023-11-27,Stock_6,97.04
2023-11-28,Stock_6,96.66
2023-11-29,Stock_6,96.34
2023-11-30,Stock_6,97.63
2023-12-01,Stock_6,98.18
2023-12-02,Stock_6,97.07
2023-12-03,Stock_6,97.32
2023-12-04,Stock_6,97.82
2023-12-05,Stock_6,98.96
2023-12-06,Stock_6,100.54
2023-12-07,Stock_6,99.52
2023-12-08,Stock_6,98.71
2023-12-09,Stock_6,97.45
2023-12-10,Stock_6,97.22
2023-12-11,Stock_6,97.69
2023-12-12,Stock_6,98.67
2023-12-13,Stock_6,98.6
2023-12-14,Stock_6,98.28
2023-12-15,Stock_6,98.43
2023-12-16,Stock_6,97.59
2023-12-17,Stock_6,99.68
2023-12-18,Stock_6,98.08
2023-12-19,Stock_6,98.26
2023-12-20,Stock_6,100.28
2023-12-21,Stock_6,100.29
2023-12-22,Stock_6,100.1
2023-12-23,Stock_6,99.74
2023-12-24,Stock_6,99.56
2023-12-25,Stock_6,100.94
2023-12-26,Stock_6,98.72
2023-12-27,Stock_6,100.26
2023-12-28,Stock_6,98.83
2023-12-29,Stock_6,98.57
2023-12-30,Stock_6,98.14
2023-12-31,Stock_6,98.73
2023-01-01,Stock_7,98.4
2023-01-02,Stock_7,98.86
2023-01-03,Stock_7,100.89
2023-01-04,Stock_7,99.53
2023-01-05,Stock_7,99.71
2023-01-06,Stock_7,99.05
2023-01-07,Stock_7,99.48
2023-01-08,Stock_7,99.5
2023-01-09,Stock_7,98.86
2023-01-10,Stock_7,99.34
2023-01-11,Stock_7,101.15
2023-01-12,Stock_7,100.96
2023-01-13,Stock_7,101.68
2023-01-14,Stock_7,100.38
2023-01-15,Stock_7,99.43
2023-01-16,Stock_7,99.9
2023-01-17,Stock_7,101.38
2023-01-18,Stock_7,101.74
2023-01-19,Stock_7,101.43
2023-01-20,Stock_7,101.43
2023-01-21,Stock_7,100.18
2023-01-22,Stock_7,100.78
2023-01-23,Stock_7,101.66
2023-01-24,Stock_7,101.21
2023-01-25,Stock_7,100.74
2023-01-26,Stock_7,101.01
2023-01-27,Stock_7,100.57
2023-01-28,Stock_7,100.5
2023-01-29,Stock_7,102.6
2023-01-30,Stock_7,102.36
2023-01-31,Stock_7,102.0
2023-02-01,Stock_7,101.35
2023-02-02,Stock_7,102.09
2023-02-03,Stock_7,101.91
2023-02-04,Stock_7,101.26
2023-02-05,Stock_7,102.59
2023-02-06,Stock_7,104.0
2023-02-07,Stock_7,103.4
2023-02-08,Stock_7,101.54
2023-02-09,Stock_7,102.55
2023-02-10,Stock_7,101.86
2023-02-11,Stock_7,102.65
2023-02-12,Stock_7,100.68
2023-02-13,Stock_7,101.57
2023-02-14,Stock_7,100.36
2023-02-15,Stock_7,101.09
2023-02-16,Stock_7,101.11
2023-02-17,Stock_7,100.15
2023-02-18,Stock_7,99.75
2023-02-19,Stock_7,100.43
2023-02-20,Stock_7,100.54
2023-02-21,Stock_7,101.12
2023-02-22,Stock_7,103.1
2023-02-23,Stock_7,101.54
2023-02-24,Stock_7,103.15
2023-02-25,Stock_7,103.26
2023-02-26,Stock_7,102.36
2023-02-27,Stock_7,101.03
2023-02-28,Stock_7,100.84
2023-03-01,Stock_7,101.76
2023-03-02,Stock_7,101.63
2023-03-03,Stock_7,103.14
2023-03-04,Stock_7,101.69
2023-03-05,Stock_7,101.68
2023-03-06,Stock_7,100.43
2023-03-07,Stock_7,100.79
2023-03-08,Stock_7,101.68
2023-03-09,Stock_7,101.26
2023-03-10,Stock_7,98.65
2023-03-11,Stock_7,98.85
2023-03-12,Stock_7,99.29
2023-03-13,Stock_7,99.69
2023-03-14,Stock_7,100.93
2023-03-15,Stock_7,99.86
2023-03-16,Stock_7,100.54
2023-03-17,Stock_7,101.73
2023-03-18,Stock_7,99.95
2023-03-19,Stock_7,100.27
2023-03-20,Stock_7,99.77
2023-03-21,Stock_7,99.69
2023-03-22,Stock_7,100.03
2023-03-23,Stock_7,99.55
2023-03-24,Stock_7,98.87
2023-03-25,Stock_7,98.91
2023-03-26,Stock_7,97.82
2023-03-27,Stock_7,96.73
2023-03-28,Stock_7,97.41
2023-03-29,Stock_7,96.26
2023-03-30,Stock_7,96.93
2023-03-31,Stock_7,97.39
2023-04-01,Stock_7,95.67
2023-04-02,Stock_7,94.99
2023-04-03,Stock_7,96.18
2023-04-04,Stock_7,95.2
2023-04-05,Stock_7,94.74
2023-04-06,Stock_7,95.2
2023-04-07,Stock_7,95.98
2023-04-08,Stock_7,95.73
2023-04-09,Stock_7,95.13
2023-04-10,Stock_7,96.56
2023-04-11,Stock_7,98.3
2023-04-12,Stock_7,99.27
2023-04-13,Stock_7,99.36
2023-04-14,Stock_7,98.55
2023-04-15,Stock_7,97.72
2023-04-16,Stock_7,98.24
2023-04-17,Stock_7,98.66
2023-04-18,Stock_7,100.06
2023-04-19,Stock_7,100.71
2023-04-20,Stock_7,99.21
2023-04-21,Stock_7,100.26
2023-04-22,Stock_7,99.26
2023-04-23,Stock_7,98.88
2023-04-24,Stock_7,99.13
2023-04-25,Stock_7,101.13
2023-04-26,Stock_7,104.24
2023-04-27,Stock_7,104.84
2023-04-28,Stock_7,104.66
2023-04-29,Stock_7,105.19
2023-04-30,Stock_7,106.08
2023-05-01,Stock_7,105.76
2023-05-02,Stock_7,107.56
2023-05-03,Stock_7,107.79
2023-05-04,Stock_7,108.28
2023-05-05,Stock_7,108.95
2023-05-06,Stock_7,109.37
2023-05-07,Stock_7,110.21
2023-05-08,Stock_7,109.59
2023-05-09,Stock_7,109.04
2023-05-10,Stock_7,107.93
2023-05-11,Stock_7,108.37
2023-05-12,Stock_7,109.15
2023-05-13,Stock_7,109.61
2023-05-14,Stock_7,111.29
2023-05-15,Stock_7,111.28
2023-05-16,Stock_7,111.95
2023-05-17,Stock_7,110.86
2023-05-18,Stock_7,110.47
2023-05-19,Stock_7,111.17
2023-05-20,Stock_7,112.01
2023-05-21,Stock_7,111.72
2023-05-22,Stock_7,111.65
2023-05-23,Stock_7,110.13
2023-05-24,Stock_7,109.77
2023-05-25,Stock_7,110.66
2023-05-26,Stock_7,111.24
2023-05-27,Stock_7,111.74
2023-05-28,Stock_7,111.79
2023-05-29,Stock_7,111.8
2023-05-30,Stock_7,111.14
2023-05-31,Stock_7,111.84
2023-06-01,Stock_7,112.26
2023-06-02,Stock_7,112.75
2023-06-03,Stock_7,112.22
2023-06-04,Stock_7,110.07
2023-06-05,Stock_7,111.17
2023-06-06,Stock_7,110.69
2023-06-07,Stock_7,109.82
2023-06-08,Stock_7,110.52
2023-06-09,Stock_7,110.13
2023-06-10,Stock_7,111.19
2023-06-11,Stock_7,111.8
2023-06-12,Stock_7,112.49
2023-06-13,Stock_7,111.12
2023-06-14,Stock_7,112.33
2023-06-15,Stock_7,112.59
2023-06-16,Stock_7,112.22
2023-06-17,Stock_7,112.37
2023-06-18,Stock_7,110.59
2023-06-19,Stock_7,111.0
2023-06-20,Stock_7,109.97
2023-06-21,Stock_7,108.62
2023-06-22,Stock_7,107.1
2023-06-23,Stock_7,108.21
2023-06-24,Stock_7,107.58
2023-06-25,Stock_7,109.11
2023-06-26,Stock_7,108.58
2023-06-27,Stock_7,106.87
2023-06-28,Stock_7,105.75
2023-06-29,Stock_7,106.99
2023-06-30,Stock_7,106.83
2023-07-01,Stock_7,106.29
2023-07-02,Stock_7,106.45
2023-07-03,Stock_7,106.95
2023-07-04,Stock_7,108.06
2023-07-05,Stock_7,109.51
2023-07-06,Stock_7,109.15
2023-07-07,Stock_7,107.83
2023-07-08,Stock_7,107.41
2023-07-09,Stock_7,107.67
2023-07-10,Stock_7,106.71
2023-07-11,Stock_7,105.75
2023-07-12,Stock_7,106.1
2023-07-13,Stock_7,106.05
2023-07-14,Stock_7,106.08
2023-07-15,Stock_7,105.32
2023-07-16,Stock_7,105.09
2023-07-17,Stock_7,104.17
2023-07-18,Stock_7,105.06
2023-07-19,Stock_7,106.09
2023-07-20,Stock_7,104.25
2023-07-21,Stock_7,103.32
2023-07-22,Stock_7,101.82
2023-07-23,Stock_7,101.17
2023-07-24,Stock_7,101.09
2023-07-25,Stock_7,99.64
2023-07-26,Stock_7,98.72
2023-07-27,Stock_7,97.71
2023-07-28,Stock_7,97.92
2023-07-29,Stock_7,97.99
2023-07-30,Stock_7,97.27
2023-07-31,Stock_7,97.44
2023-08-01,Stock_7,96.9
2023-08-02,Stock_7,96.63
2023-08-03,Stock_7,98.3
2023-08-04,Stock_7,99.64
2023-08-05,Stock_7,98.34
2023-08-06,Stock_7,99.17
2023-08-07,Stock_7,99.98
2023-08-08,Stock_7,98.83
2023-08-09,Stock_7,99.65
2023-08-10,Stock_7,101.19
2023-08-11,Stock_7,100.07
2023-08-12,Stock_7,99.15
2023-08-13,Stock_7,100.17
2023-08-14,Stock_7,100.44
2023-08-15,Stock_7,100.99
2023-08-16,Stock_7,101.33
2023-08-17,Stock_7,101.72
2023-08-18,Stock_7,100.39
2023-08-19,Stock_7,101.44
2023-08-20,Stock_7,102.61
2023-08-21,Stock_7,102.38
2023-08-22,Stock_7,102.34
2023-08-23,Stock_7,100.81
2023-08-24,Stock_7,101.32
2023-08-25,Stock_7,101.89
2023-08-26,Stock_7,101.83
2023-08-27,Stock_7,102.96
2023-08-28,Stock_7,102.62
2023-08-29,Stock_7,103.19
2023-08-30,Stock_7,102.17
2023-08-31,Stock_7,102.14
2023-09-01,Stock_7,101.97
2023-09-02,Stock_7,102.19
2023-09-03,Stock_7,101.82
2023-09-04,Stock_7,101.69
2023-09-05,Stock_7,102.52
2023-09-06,Stock_7,102.08
2023-09-07,Stock_7,100.48
2023-09-08,Stock_7,102.23
2023-09-09,Stock_7,103.61
2023-09-10,Stock_7,102.31
2023-09-11,Stock_7,103.0
2023-09-12,Stock_7,102.5
2023-09-13,Stock_7,102.77
2023-09-14,Stock_7,103.06
2023-09-15,Stock_7,102.83
2023-09-16,Stock_7,102.04
2023-09-17,Stock_7,101.35
2023-09-18,Stock_7,100.43
2023-09-19,Stock_7,99.6
2023-09-20,Stock_7,99.54
2023-09-21,Stock_7,98.82
2023-09-22,Stock_7,99.5
2023-09-23,Stock_7,100.99
2023-09-24,Stock_7,100.41
2023-09-25,Stock_7,100.65
2023-09-26,Stock_7,101.15
2023-09-27,Stock_7,101.62
2023-09-28,Stock_7,101.7
2023-09-29,Stock_7,102.44
2023-09-30,Stock_7,102.92
2023-10-01,Stock_7,101.68
2023-10-02,Stock_7,102.55
2023-10-03,Stock_7,103.44
2023-10-04,Stock_7,102.68
2023-10-05,Stock_7,102.71
2023-10-06,Stock_7,103.4
2023-10-07,Stock_7,103.19
2023-10-08,Stock_7,104.26
2023-10-09,Stock_7,106.63
2023-10-10,Stock_7,105.84
2023-10-11,Stock_7,104.46
2023-10-12,Stock_7,104.76
2023-10-13,Stock_7,105.48
2023-10-14,Stock_7,105.25
2023-10-15,Stock_7,106.71
2023-10-16,Stock_7,105.37
2023-10-17,Stock_7,106.06
2023-10-18,Stock_7,105.45
2023-10-19,Stock_7,107.17
2023-10-20,Stock_7,109.17
2023-10-21,Stock_7,108.4
2023-10-22,Stock_7,107.85
2023-10-23,Stock_7,108.71
2023-10-24,Stock_7,108.32
2023-10-25,Stock_7,108.28
2023-10-26,Stock_7,108.3
2023-10-27,Stock_7,106.38
2023-10-28,Stock_7,106.37
2023-10-29,Stock_7,105.68
2023-10-30,Stock_7,105.19
2023-10-31,Stock_7,106.63
2023-11-01,Stock_7,105.37
2023-11-02,Stock_7,106.19
2023-11-03,Stock_7,105.91
2023-11-04,Stock_7,105.63
2023-11-05,Stock_7,106.42
2023-11-06,Stock_7,106.76
2023-11-07,Stock_7,107.33
2023-11-08,Stock_7,108.3
2023-11-09,Stock_7,107.97
2023-11-10,Stock_7,107.35
2023-11-11,Stock_7,106.27
2023-11-12,Stock_7,105.44
2023-11-13,Stock_7,108.39
2023-11-14,Stock_7,109.64
2023-11-15,Stock_7,108.29
2023-11-16,Stock_7,106.96
2023-11-17,Stock_7,107.45
2023-11-18,Stock_7,107.99
2023-11-19,Stock_7,108.54
2023-11-20,Stock_7,108.29
2023-11-21,Stock_7,108.16
2023-11-22,Stock_7,108.49
2023-11-23,Stock_7,108.57
2023-11-24,Stock_7,106.36
2023-11-25,Stock_7,106.13
2023-11-26,Stock_7,105.27
2023-11-27,Stock_7,105.45
2023-11-28,Stock_7,108.43
2023-11-29,Stock_7,108.8
2023-11-30,Stock_7,108.49
2023-12-01,Stock_7,109.41
2023-12-02,Stock_7,109.89
2023-12-03,Stock_7,110.31
2023-12-04,Stock_7,110.92
2023-12-05,Stock_7,112.98
2023-12-06,Stock_7,111.85
2023-12-07,Stock_7,112.32
2023-12-08,Stock_7,111.39
2023-12-09,Stock_7,111.95
2023-12-10,Stock_7,111.03
2023-12-11,Stock_7,110.61
2023-12-12,Stock_7,110.32
2023-12-13,Stock_7,111.29
2023-12-14,Stock_7,112.21
2023-12-15,Stock_7,110.97
2023-12-16,Stock_7,111.02
2023-12-17,Stock_7,110.31
2023-12-18,Stock_7,109.05
2023-12-19,Stock_7,108.84
2023-12-20,Stock_7,108.53
2023-12-21,Stock_7,110.95
2023-12-22,Stock_7,111.39
2023-12-23,Stock_7,110.01
2023-12-24,Stock_7,109.44
2023-12-25,Stock_7,110.47
2023-12-26,Stock_7,112.55
2023-12-27,Stock_7,110.97
2023-12-28,Stock_7,109.09
2023-12-29,Stock_7,110.96
2023-12-30,Stock_7,111.35
2023-12-31,Stock_7,110.48
2023-01-01,Stock_8,100.53
2023-01-02,Stock_8,97.9
2023-01-03,Stock_8,97.9
2023-01-04,Stock_8,98.23
2023-01-05,Stock_8,99.15
2023-01-06,Stock_8,98.14
2023-01-07,Stock_8,98.23
2023-01-08,Stock_8,97.3
2023-01-09,Stock_8,97.56
2023-01-10,Stock_8,96.66
2023-01-11,Stock_8,96.25
2023-01-12,Stock_8,95.26
2023-01-13,Stock_8,95.91
2023-01-14,Stock_8,96.77
2023-01-15,Stock_8,96.53
2023-01-16,Stock_8,96.57
2023-01-17,Stock_8,95.12
2023-01-18,Stock_8,94.82
2023-01-19,Stock_8,94.77
2023-01-20,Stock_8,97.39
2023-01-21,Stock_8,96.28
2023-01-22,Stock_8,97.74
2023-01-23,Stock_8,98.74
2023-01-24,Stock_8,99.02
2023-01-25,Stock_8,100.78
2023-01-26,Stock_8,101.15
2023-01-27,Stock_8,101.54
2023-01-28,Stock_8,101.49
2023-01-29,Stock_8,102.71
2023-01-30,Stock_8,103.81
2023-01-31,Stock_8,103.18
2023-02-01,Stock_8,101.86
2023-02-02,Stock_8,101.66
2023-02-03,Stock_8,100.86
2023-02-04,Stock_8,100.8
2023-02-05,Stock_8,102.03
2023-02-06,Stock_8,101.58
2023-02-07,Stock_8,101.53
2023-02-08,Stock_8,101.59
2023-02-09,Stock_8,102.44
2023-02-10,Stock_8,100.19
2023-02-11,Stock_8,99.59
2023-02-12,Stock_8,99.8
2023-02-13,Stock_8,101.0
2023-02-14,Stock_8,100.51
2023-02-15,Stock_8,98.63
2023-02-16,Stock_8,99.25
2023-02-17,Stock_8,98.61
2023-02-18,Stock_8,97.43
2023-02-19,Stock_8,96.8
2023-02-20,Stock_8,96.62
2023-02-21,Stock_8,96.01
2023-02-22,Stock_8,93.81
2023-02-23,Stock_8,94.7
2023-02-24,Stock_8,95.98
2023-02-25,Stock_8,96.63
2023-02-26,Stock_8,95.49
2023-02-27,Stock_8,95.29
2023-02-28,Stock_8,95.28
2023-03-01,Stock_8,95.88
2023-03-02,Stock_8,96.55
2023-03-03,Stock_8,95.82
2023-03-04,Stock_8,95.9
2023-03-05,Stock_8,96.36
2023-03-06,Stock_8,97.81
2023-03-07,Stock_8,98.52
2023-03-08,Stock_8,99.31
2023-03-09,Stock_8,99.39
2023-03-10,Stock_8,100.8
2023-03-11,Stock_8,101.21
2023-03-12,Stock_8,100.35
2023-03-13,Stock_8,101.75
2023-03-14,Stock_8,102.45
2023-03-15,Stock_8,102.01
2023-03-16,Stock_8,101.53
2023-03-17,Stock_8,101.82
2023-03-18,Stock_8,102.29
2023-03-19,Stock_8,102.48
2023-03-20,Stock_8,102.8
2023-03-21,Stock_8,104.5
2023-03-22,Stock_8,105.57
2023-03-23,Stock_8,105.76
2023-03-24,Stock_8,106.7
2023-03-25,Stock_8,105.67
2023-03-26,Stock_8,106.06
2023-03-27,Stock_8,107.87
2023-03-28,Stock_8,107.66
2023-03-29,Stock_8,106.81
2023-03-30,Stock_8,106.16
2023-03-31,Stock_8,105.07
2023-04-01,Stock_8,104.28
2023-04-02,Stock_8,103.91
2023-04-03,Stock_8,102.51
2023-04-04,Stock_8,102.52
2023-04-05,Stock_8,103.42
2023-04-06,Stock_8,102.52
2023-04-07,Stock_8,104.03
2023-04-08,Stock_8,104.55
2023-04-09,Stock_8,105.58
2023-04-10,Stock_8,104.92
2023-04-11,Stock_8,105.77
2023-04-12,Stock_8,104.68
2023-04-13,Stock_8,105.57
2023-04-14,Stock_8,105.74
2023-04-15,Stock_8,106.3
2023-04-16,Stock_8,105.12
2023-04-17,Stock_8,104.23
2023-04-18,Stock_8,104.82
2023-04-19,Stock_8,103.87
2023-04-20,Stock_8,104.34
2023-04-21,Stock_8,102.97
2023-04-22,Stock_8,103.82
2023-04-23,Stock_8,102.59
2023-04-24,Stock_8,103.14
2023-04-25,Stock_8,103.76
2023-04-26,Stock_8,103.07
2023-04-27,Stock_8,103.65
2023-04-28,Stock_8,103.91
2023-04-29,Stock_8,103.37
2023-04-30,Stock_8,102.36
2023-05-01,Stock_8,100.4
2023-05-02,Stock_8,100.75
2023-05-03,Stock_8,99.18
2023-05-04,Stock_8,99.28
2023-05-05,Stock_8,99.02
2023-05-06,Stock_8,99.7
2023-05-07,Stock_8,99.39
2023-05-08,Stock_8,99.06
2023-05-09,Stock_8,99.8
2023-05-10,Stock_8,100.13
2023-05-11,Stock_8,100.45
2023-05-12,Stock_8,100.92
2023-05-13,Stock_8,99.38
2023-05-14,Stock_8,100.14
2023-05-15,Stock_8,100.75
2023-05-16,Stock_8,99.73
2023-05-17,Stock_8,99.49
2023-05-18,Stock_8,99.45
2023-05-19,Stock_8,99.32
2023-05-20,Stock_8,99.65
2023-05-21,Stock_8,101.08
2023-05-22,Stock_8,102.16
2023-05-23,Stock_8,100.85
2023-05-24,Stock_8,101.47
2023-05-25,Stock_8,102.8
2023-05-26,Stock_8,103.19
2023-05-27,Stock_8,104.28
2023-05-28,Stock_8,106.29
2023-05-29,Stock_8,107.32
2023-05-30,Stock_8,107.56
2023-05-31,Stock_8,108.61
2023-06-01,Stock_8,108.75
2023-06-02,Stock_8,108.78
2023-06-03,Stock_8,108.43
2023-06-04,Stock_8,109.99
2023-06-05,Stock_8,109.17
2023-06-06,Stock_8,110.7
2023-06-07,Stock_8,111.2
2023-06-08,Stock_8,109.8
2023-06-09,Stock_8,110.17
2023-06-10,Stock_8,108.07
2023-06-11,Stock_8,108.7
2023-06-12,Stock_8,109.58
2023-06-13,Stock_8,108.99
2023-06-14,Stock_8,109.11
2023-06-15,Stock_8,111.07
2023-06-16,Stock_8,110.56
2023-06-17,Stock_8,109.5
2023-06-18,Stock_8,110.99
2023-06-19,Stock_8,112.95
2023-06-20,Stock_8,112.95
2023-06-21,Stock_8,113.96
2023-06-22,Stock_8,115.3
2023-06-23,Stock_8,114.56
2023-06-24,Stock_8,114.08
2023-06-25,Stock_8,115.31
2023-06-26,Stock_8,116.99
2023-06-27,Stock_8,117.56
2023-06-28,Stock_8,116.68
2023-06-29,Stock_8,118.66
2023-06-30,Stock_8,118.13
2023-07-01,Stock_8,117.8
2023-07-02,Stock_8,118.14
2023-07-03,Stock_8,119.69
2023-07-04,Stock_8,120.55
2023-07-05,Stock_8,120.96
2023-07-06,Stock_8,121.43
2023-07-07,Stock_8,121.47
2023-07-08,Stock_8,122.03
2023-07-09,Stock_8,119.5
2023-07-10,Stock_8,119.2
2023-07-11,Stock_8,119.44
2023-07-12,Stock_8,118.29
2023-07-13,Stock_8,118.68
2023-07-14,Stock_8,118.47
2023-07-15,Stock_8,120.23
2023-07-16,Stock_8,121.8
2023-07-17,Stock_8,121.34
2023-07-18,Stock_8,121.19
2023-07-19,Stock_8,121.11
2023-07-20,Stock_8,120.66
2023-07-21,Stock_8,120.85
2023-07-22,Stock_8,120.1
2023-07-23,Stock_8,118.97
2023-07-24,Stock_8,119.59
2023-07-25,Stock_8,120.22
2023-07-26,Stock_8,119.41
2023-07-27,Stock_8,120.31
2023-07-28,Stock_8,119.68
2023-07-29,Stock_8,119.93
2023-07-30,Stock_8,120.75
2023-07-31,Stock_8,120.72
2023-08-01,Stock_8,121.17
2023-08-02,Stock_8,120.66
2023-08-03,Stock_8,120.46
2023-08-04,Stock_8,120.25
2023-08-05,Stock_8,119.51
2023-08-06,Stock_8,119.33
2023-08-07,Stock_8,117.78
2023-08-08,Stock_8,117.29
2023-08-09,Stock_8,117.01
2023-08-10,Stock_8,116.75
2023-08-11,Stock_8,116.51
2023-08-12,Stock_8,116.45
2023-08-13,Stock_8,116.93
2023-08-14,Stock_8,117.8
2023-08-15,Stock_8,117.15
2023-08-16,Stock_8,115.95
2023-08-17,Stock_8,114.9
2023-08-18,Stock_8,114.42
2023-08-19,Stock_8,114.07
2023-08-20,Stock_8,113.3
2023-08-21,Stock_8,112.0
2023-08-22,Stock_8,111.54
2023-08-23,Stock_8,111.72
2023-08-24,Stock_8,112.32
2023-08-25,Stock_8,111.76
2023-08-26,Stock_8,111.35
2023-08-27,Stock_8,110.42
2023-08-28,Stock_8,110.39
2023-08-29,Stock_8,109.54
2023-08-30,Stock_8,110.12
2023-08-31,Stock_8,108.33
2023-09-01,Stock_8,107.97
2023-09-02,Stock_8,108.27
2023-09-03,Stock_8,108.46
2023-09-04,Stock_8,111.15
2023-09-05,Stock_8,111.5
2023-09-06,Stock_8,110.49
2023-09-07,Stock_8,110.4
2023-09-08,Stock_8,108.62
2023-09-09,Stock_8,108.54
2023-09-10,Stock_8,107.71
2023-09-11,Stock_8,108.62
2023-09-12,Stock_8,108.07
2023-09-13,Stock_8,107.96
2023-09-14,Stock_8,107.32
2023-09-15,Stock_8,109.06
2023-09-16,Stock_8,108.74
2023-09-17,Stock_8,110.57
2023-09-18,Stock_8,111.39
2023-09-19,Stock_8,111.87
2023-09-20,Stock_8,112.24
2023-09-21,Stock_8,112.63
2023-09-22,Stock_8,110.7
2023-09-23,Stock_8,110.42
2023-09-24,Stock_8,111.27
2023-09-25,Stock_8,111.22
2023-09-26,Stock_8,109.82
2023-09-27,Stock_8,109.76
2023-09-28,Stock_8,111.47
2023-09-29,Stock_8,112.71
2023-09-30,Stock_8,112.65
2023-10-01,Stock_8,113.6
2023-10-02,Stock_8,113.24
2023-10-03,Stock_8,111.53
2023-10-04,Stock_8,110.61
2023-10-05,Stock_8,112.17
2023-10-06,Stock_8,111.9
2023-10-07,Stock_8,111.65
2023-10-08,Stock_8,111.35
2023-10-09,Stock_8,113.26
2023-10-10,Stock_8,114.88
2023-10-11,Stock_8,117.1
2023-10-12,Stock_8,116.94
2023-10-13,Stock_8,117.24
2023-10-14,Stock_8,115.72
2023-10-15,Stock_8,117.2
2023-10-16,Stock_8,116.03
2023-10-17,Stock_8,116.25
2023-10-18,Stock_8,115.15
2023-10-19,Stock_8,114.56
2023-10-20,Stock_8,113.73
2023-10-21,Stock_8,113.12
2023-10-22,Stock_8,112.58
2023-10-23,Stock_8,112.03
2023-10-24,Stock_8,112.86
2023-10-25,Stock_8,111.76
2023-10-26,Stock_8,111.98
2023-10-27,Stock_8,113.2
2023-10-28,Stock_8,112.68
2023-10-29,Stock_8,111.97
2023-10-30,Stock_8,111.74
2023-10-31,Stock_8,112.92
2023-11-01,Stock_8,113.11
2023-11-02,Stock_8,112.58
2023-11-03,Stock_8,113.06
2023-11-04,Stock_8,111.96
2023-11-05,Stock_8,112.64
2023-11-06,Stock_8,113.05
2023-11-07,Stock_8,112.74
2023-11-08,Stock_8,111.9
2023-11-09,Stock_8,111.02
2023-11-10,Stock_8,111.55
2023-11-11,Stock_8,112.78
2023-11-12,Stock_8,112.14
2023-11-13,Stock_8,112.6
2023-11-14,Stock_8,110.51
2023-11-15,Stock_8,109.93
2023-11-16,Stock_8,109.9
2023-11-17,Stock_8,108.99
2023-11-18,Stock_8,108.05
2023-11-19,Stock_8,107.39
2023-11-20,Stock_8,107.68
2023-11-21,Stock_8,107.49
2023-11-22,Stock_8,105.25
2023-11-23,Stock_8,103.13
2023-11-24,Stock_8,102.52
2023-11-25,Stock_8,102.98
2023-11-26,Stock_8,100.23
2023-11-27,Stock_8,99.73
2023-11-28,Stock_8,99.21
2023-11-29,Stock_8,100.6
2023-11-30,Stock_8,100.21
2023-12-01,Stock_8,100.59
2023-12-02,Stock_8,100.74
2023-12-03,Stock_8,98.61
2023-12-04,Stock_8,99.37
2023-12-05,Stock_8,99.59
2023-12-06,Stock_8,100.1
2023-12-07,Stock_8,104.02
2023-12-08,Stock_8,101.94
2023-12-09,Stock_8,103.66
2023-12-10,Stock_8,103.38
2023-12-11,Stock_8,103.66
2023-12-12,Stock_8,103.62
2023-12-13,Stock_8,103.19
2023-12-14,Stock_8,102.62
2023-12-15,Stock_8,102.95
2023-12-16,Stock_8,101.44
2023-12-17,Stock_8,102.19
2023-12-18,Stock_8,101.77
2023-12-19,Stock_8,100.64
2023-12-20,Stock_8,100.19
2023-12-21,Stock_8,101.45
2023-12-22,Stock_8,100.91
2023-12-23,Stock_8,101.27
2023-12-24,Stock_8,100.54
2023-12-25,Stock_8,101.3
2023-12-26,Stock_8,101.98
2023-12-27,Stock_8,103.83
2023-12-28,Stock_8,103.66
2023-12-29,Stock_8,104.33
2023-12-30,Stock_8,104.42
2023-12-31,Stock_8,105.72
2023-01-01,Stock_9,99.28
2023-01-02,Stock_9,100.03
2023-01-03,Stock_9,99.83
2023-01-04,Stock_9,99.77
2023-01-05,Stock_9,99.86
2023-01-06,Stock_9,100.11
2023-01-07,Stock_9,100.0
2023-01-08,Stock_9,100.21
2023-01-09,Stock_9,101.79
2023-01-10,Stock_9,102.77
2023-01-11,Stock_9,103.64
2023-01-12,Stock_9,103.19
2023-01-13,Stock_9,102.3
2023-01-14,Stock_9,103.25
2023-01-15,Stock_9,104.13
2023-01-16,Stock_9,105.6
2023-01-17,Stock_9,105.0
2023-01-18,Stock_9,104.77
2023-01-19,Stock_9,103.13
2023-01-20,Stock_9,102.74
2023-01-21,Stock_9,103.73
2023-01-22,Stock_9,103.27
2023-01-23,Stock_9,103.91
2023-01-24,Stock_9,103.72
2023-01-25,Stock_9,104.04
2023-01-26,Stock_9,102.89
2023-01-27,Stock_9,102.98
2023-01-28,Stock_9,99.99
2023-01-29,Stock_9,99.8
2023-01-30,Stock_9,98.17
2023-01-31,Stock_9,99.38
2023-02-01,Stock_9,100.15
2023-02-02,Stock_9,100.62
2023-02-03,Stock_9,102.14
2023-02-04,Stock_9,101.19
2023-02-05,Stock_9,102.94
2023-02-06,Stock_9,103.87
2023-02-07,Stock_9,103.63
2023-02-08,Stock_9,104.77
2023-02-09,Stock_9,103.66
2023-02-10,Stock_9,102.84
2023-02-11,Stock_9,102.23
2023-02-12,Stock_9,101.7
2023-02-13,Stock_9,100.65
2023-02-14,Stock_9,101.87
2023-02-15,Stock_9,101.61
2023-02-16,Stock_9,101.96
2023-02-17,Stock_9,101.39
2023-02-18,Stock_9,99.57
2023-02-19,Stock_9,99.84
2023-02-20,Stock_9,97.93
2023-02-21,Stock_9,97.86
2023-02-22,Stock_9,96.49
2023-02-23,Stock_9,98.48
2023-02-24,Stock_9,99.39
2023-02-25,Stock_9,99.5
2023-02-26,Stock_9,100.76
2023-02-27,Stock_9,99.91
2023-02-28,Stock_9,100.46
2023-03-01,Stock_9,100.66
2023-03-02,Stock_9,100.92
2023-03-03,Stock_9,102.19
2023-03-04,Stock_9,102.93
2023-03-05,Stock_9,103.21
2023-03-06,Stock_9,101.56
2023-03-07,Stock_9,100.6
2023-03-08,Stock_9,100.48
2023-03-09,Stock_9,100.57
2023-03-10,Stock_9,99.44
2023-03-11,Stock_9,101.85
2023-03-12,Stock_9,103.37
2023-03-13,Stock_9,103.97
2023-03-14,Stock_9,104.04
2023-03-15,Stock_9,103.83
2023-03-16,Stock_9,102.88
2023-03-17,Stock_9,102.96
2023-03-18,Stock_9,103.21
2023-03-19,Stock_9,101.97
2023-03-20,Stock_9,102.31
2023-03-21,Stock_9,102.15
2023-03-22,Stock_9,100.24
2023-03-23,Stock_9,99.38
2023-03-24,Stock_9,98.97
2023-03-25,Stock_9,100.86
2023-03-26,Stock_9,101.41
2023-03-27,Stock_9,100.08
2023-03-28,Stock_9,100.56
2023-03-29,Stock_9,99.02
2023-03-30,Stock_9,100.1
2023-03-31,Stock_9,99.63
2023-04-01,Stock_9,99.53
2023-04-02,Stock_9,100.86
2023-04-03,Stock_9,99.57
2023-04-04,Stock_9,98.18
2023-04-05,Stock_9,97.59
2023-04-06,Stock_9,98.63
2023-04-07,Stock_9,97.11
2023-04-08,Stock_9,94.28
2023-04-09,Stock_9,93.83
2023-04-10,Stock_9,94.38
2023-04-11,Stock_9,95.58
2023-04-12,Stock_9,95.12
2023-04-13,Stock_9,94.71
2023-04-14,Stock_9,95.86
2023-04-15,Stock_9,93.99
2023-04-16,Stock_9,93.6
2023-04-17,Stock_9,93.79
2023-04-18,Stock_9,94.24
2023-04-19,Stock_9,93.73
2023-04-20,Stock_9,93.77
2023-04-21,Stock_9,91.28
2023-04-22,Stock_9,90.62
2023-04-23,Stock_9,91.07
2023-04-24,Stock_9,90.09
2023-04-25,Stock_9,90.15
2023-04-26,Stock_9,90.6
2023-04-27,Stock_9,90.25
2023-04-28,Stock_9,90.42
2023-04-29,Stock_9,89.46
2023-04-30,Stock_9,89.25
2023-05-01,Stock_9,89.86
2023-05-02,Stock_9,90.02
2023-05-03,Stock_9,89.43
2023-05-04,Stock_9,89.66
2023-05-05,Stock_9,90.37
2023-05-06,Stock_9,88.32
2023-05-07,Stock_9,89.48
2023-05-08,Stock_9,89.15
2023-05-09,Stock_9,89.57
2023-05-10,Stock_9,90.77
2023-05-11,Stock_9,89.4
2023-05-12,Stock_9,88.69
2023-05-13,Stock_9,88.4
2023-05-14,Stock_9,87.62
2023-05-15,Stock_9,89.35
2023-05-16,Stock_9,88.49
2023-05-17,Stock_9,87.94
2023-05-18,Stock_9,88.14
2023-05-19,Stock_9,86.94
2023-05-20,Stock_9,86.55
2023-05-21,Stock_9,86.86
2023-05-22,Stock_9,86.53
2023-05-23,Stock_9,86.44
2023-05-24,Stock_9,85.91
2023-05-25,Stock_9,84.39
2023-05-26,Stock_9,84.71
2023-05-27,Stock_9,86.47
2023-05-28,Stock_9,86.49
2023-05-29,Stock_9,86.71
2023-05-30,Stock_9,87.41
2023-05-31,Stock_9,86.14
2023-06-01,Stock_9,87.84
2023-06-02,Stock_9,88.04
2023-06-03,Stock_9,89.67
2023-06-04,Stock_9,88.94
2023-06-05,Stock_9,90.76
2023-06-06,Stock_9,91.53
2023-06-07,Stock_9,92.09
2023-06-08,Stock_9,92.32
2023-06-09,Stock_9,92.07
2023-06-10,Stock_9,93.27
2023-06-11,Stock_9,93.41
2023-06-12,Stock_9,91.45
2023-06-13,Stock_9,90.33
2023-06-14,Stock_9,90.14
2023-06-15,Stock_9,90.45
2023-06-16,Stock_9,90.4
2023-06-17,Stock_9,91.61
2023-06-18,Stock_9,89.66
2023-06-19,Stock_9,89.81
2023-06-20,Stock_9,87.99
2023-06-21,Stock_9,88.75
2023-06-22,Stock_9,88.65
2023-06-23,Stock_9,89.07
2023-06-24,Stock_9,88.21
2023-06-25,Stock_9,89.49
2023-06-26,Stock_9,90.53
2023-06-27,Stock_9,91.11
2023-06-28,Stock_9,90.99
2023-06-29,Stock_9,91.57
2023-06-30,Stock_9,90.86
2023-07-01,Stock_9,91.71
2023-07-02,Stock_9,93.36
2023-07-03,Stock_9,94.43
2023-07-04,Stock_9,93.7
2023-07-05,Stock_9,94.07
2023-07-06,Stock_9,92.77
2023-07-07,Stock_9,93.34
2023-07-08,Stock_9,93.8
2023-07-09,Stock_9,91.93
2023-07-10,Stock_9,90.76
2023-07-11,Stock_9,90.48
2023-07-12,Stock_9,90.18
2023-07-13,Stock_9,88.97
2023-07-14,Stock_9,89.36
2023-07-15,Stock_9,89.61
2023-07-16,Stock_9,89.42
2023-07-17,Stock_9,88.66
2023-07-18,Stock_9,89.71
2023-07-19,Stock_9,91.37
2023-07-20,Stock_9,90.88
2023-07-21,Stock_9,90.27
2023-07-22,Stock_9,90.76
2023-07-23,Stock_9,90.4
2023-07-24,Stock_9,90.26
2023-07-25,Stock_9,91.0
2023-07-26,Stock_9,89.09
2023-07-27,Stock_9,90.41
2023-07-28,Stock_9,90.48
2023-07-29,Stock_9,90.07
2023-07-30,Stock_9,89.98
2023-07-31,Stock_9,89.95
2023-08-01,Stock_9,88.21
2023-08-02,Stock_9,89.71
2023-08-03,Stock_9,89.75
2023-08-04,Stock_9,90.19
2023-08-05,Stock_9,91.15
2023-08-06,Stock_9,90.12
2023-08-07,Stock_9,90.6
2023-08-08,Stock_9,90.33
2023-08-09,Stock_9,91.18
2023-08-10,Stock_9,89.05
2023-08-11,Stock_9,88.95
2023-08-12,Stock_9,88.35
2023-08-13,Stock_9,88.78
2023-08-14,Stock_9,89.25
2023-08-15,Stock_9,88.54
2023-08-16,Stock_9,87.83
2023-08-17,Stock_9,87.72
2023-08-18,Stock_9,86.82
2023-08-19,Stock_9,87.67
2023-08-20,Stock_9,87.3
2023-08-21,Stock_9,84.39
2023-08-22,Stock_9,84.01
2023-08-23,Stock_9,82.98
2023-08-24,Stock_9,81.34
2023-08-25,Stock_9,80.11
2023-08-26,Stock_9,80.22
2023-08-27,Stock_9,81.54
2023-08-28,Stock_9,81.86
2023-08-29,Stock_9,81.25
2023-08-30,Stock_9,81.71
2023-08-31,Stock_9,81.25
2023-09-01,Stock_9,80.55
2023-09-02,Stock_9,79.4
2023-09-03,Stock_9,77.65
2023-09-04,Stock_9,77.26
2023-09-05,Stock_9,77.42
2023-09-06,Stock_9,77.32
2023-09-07,Stock_9,76.9
2023-09-08,Stock_9,75.96
2023-09-09,Stock_9,76.57
2023-09-10,Stock_9,75.25
2023-09-11,Stock_9,76.02
2023-09-12,Stock_9,75.02
2023-09-13,Stock_9,74.27
2023-09-14,Stock_9,72.8
2023-09-15,Stock_9,72.3
2023-09-16,Stock_9,73.28
2023-09-17,Stock_9,73.79
2023-09-18,Stock_9,74.77
2023-09-19,Stock_9,75.29
2023-09-20,Stock_9,74.19
2023-09-21,Stock_9,73.86
2023-09-22,Stock_9,73.08
2023-09-23,Stock_9,74.41
2023-09-24,Stock_9,73.21
2023-09-25,Stock_9,74.11
2023-09-26,Stock_9,75.0
2023-09-27,Stock_9,76.83
2023-09-28,Stock_9,76.42
2023-09-29,Stock_9,77.13
2023-09-30,Stock_9,79.41
2023-10-01,Stock_9,78.8
2023-10-02,Stock_9,77.26
2023-10-03,Stock_9,75.38
2023-10-04,Stock_9,76.09
2023-10-05,Stock_9,74.21
2023-10-06,Stock_9,73.84
2023-10-07,Stock_9,74.27
2023-10-08,Stock_9,74.46
2023-10-09,Stock_9,74.89
2023-10-10,Stock_9,75.11
2023-10-11,Stock_9,76.39
2023-10-12,Stock_9,75.43
2023-10-13,Stock_9,74.76
2023-10-14,Stock_9,73.98
2023-10-15,Stock_9,74.81
2023-10-16,Stock_9,75.72
2023-10-17,Stock_9,76.17
2023-10-18,Stock_9,77.35
2023-10-19,Stock_9,76.17
2023-10-20,Stock_9,77.84
2023-10-21,Stock_9,79.36
2023-10-22,Stock_9,80.1
2023-10-23,Stock_9,81.88
2023-10-24,Stock_9,80.22
2023-10-25,Stock_9,79.7
2023-10-26,Stock_9,78.96
2023-10-27,Stock_9,79.68
2023-10-28,Stock_9,78.63
2023-10-29,Stock_9,79.39
2023-10-30,Stock_9,80.76
2023-10-31,Stock_9,81.46
2023-11-01,Stock_9,81.74
2023-11-02,Stock_9,80.75
2023-11-03,Stock_9,79.91
2023-11-04,Stock_9,81.16
2023-11-05,Stock_9,81.94
2023-11-06,Stock_9,81.9
2023-11-07,Stock_9,81.48
2023-11-08,Stock_9,79.45
2023-11-09,Stock_9,78.38
2023-11-10,Stock_9,80.29
2023-11-11,Stock_9,79.01
2023-11-12,Stock_9,79.2
2023-11-13,Stock_9,80.21
2023-11-14,Stock_9,78.96
2023-11-15,Stock_9,79.14
2023-11-16,Stock_9,80.08
2023-11-17,Stock_9,80.09
2023-11-18,Stock_9,82.96
2023-11-19,Stock_9,81.29
2023-11-20,Stock_9,82.35
2023-11-21,Stock_9,82.18
2023-11-22,Stock_9,82.95
2023-11-23,Stock_9,83.39
2023-11-24,Stock_9,82.66
2023-11-25,Stock_9,82.89
2023-11-26,Stock_9,81.03
2023-11-27,Stock_9,81.63
2023-11-28,Stock_9,81.93
2023-11-29,Stock_9,82.57
2023-11-30,Stock_9,83.63
2023-12-01,Stock_9,83.99
2023-12-02,Stock_9,84.14
2023-12-03,Stock_9,83.26
2023-12-04,Stock_9,82.55
2023-12-05,Stock_9,83.73
2023-12-06,Stock_9,85.17
2023-12-07,Stock_9,84.93
2023-12-08,Stock_9,84.98
2023-12-09,Stock_9,84.07
2023-12-10,Stock_9,85.25
2023-12-11,Stock_9,85.91
2023-12-12,Stock_9,87.85
2023-12-13,Stock_9,86.98
2023-12-14,Stock_9,86.6
2023-12-15,Stock_9,86.83
2023-12-16,Stock_9,87.48
2023-12-17,Stock_9,87.26
2023-12-18,Stock_9,86.39
2023-12-19,Stock_9,87.27
2023-12-20,Stock_9,87.99
2023-12-21,Stock_9,87.07
2023-12-22,Stock_9,88.43
2023-12-23,Stock_9,89.6
2023-12-24,Stock_9,89.73
2023-12-25,Stock_9,89.81
2023-12-26,Stock_9,90.37
2023-12-27,Stock_9,89.5
2023-12-28,Stock_9,89.53
2023-12-29,Stock_9,87.38
2023-12-30,Stock_9,88.26
2023-12-31,Stock_9,86.7
2023-01-01,Stock_10,101.5
2023-01-02,Stock_10,101.17
2023-01-03,Stock_10,100.96
2023-01-04,Stock_10,100.33
2023-01-05,Stock_10,100.05
2023-01-06,Stock_10,101.46
2023-01-07,Stock_10,98.98
2023-01-08,Stock_10,100.25
2023-01-09,Stock_10,100.59
2023-01-10,Stock_10,99.38
2023-01-11,Stock_10,98.31
2023-01-12,Stock_10,99.99
2023-01-13,Stock_10,99.04
2023-01-14,Stock_10,97.89
2023-01-15,Stock_10,99.02
2023-01-16,Stock_10,99.36
2023-01-17,Stock_10,98.42
2023-01-18,Stock_10,98.64
2023-01-19,Stock_10,97.62
2023-01-20,Stock_10,98.72
2023-01-21,Stock_10,99.78
2023-01-22,Stock_10,100.31
2023-01-23,Stock_10,100.67
2023-01-24,Stock_10,102.43
2023-01-25,Stock_10,102.43
2023-01-26,Stock_10,101.25
2023-01-27,Stock_10,101.7
2023-01-28,Stock_10,103.79
2023-01-29,Stock_10,102.77
2023-01-30,Stock_10,102.41
2023-01-31,Stock_10,102.83
2023-02-01,Stock_10,102.77
2023-02-02,Stock_10,101.79
2023-02-03,Stock_10,102.91
2023-02-04,Stock_10,105.23
2023-02-05,Stock_10,105.43
2023-02-06,Stock_10,104.52
2023-02-07,Stock_10,102.97
2023-02-08,Stock_10,103.23
2023-02-09,Stock_10,104.34
2023-02-10,Stock_10,104.81
2023-02-11,Stock_10,104.81
2023-02-12,Stock_10,104.22
2023-02-13,Stock_10,103.13
2023-02-14,Stock_10,103.96
2023-02-15,Stock_10,104.88
2023-02-16,Stock_10,103.33
2023-02-17,Stock_10,104.92
2023-02-18,Stock_10,105.49
2023-02-19,Stock_10,106.89
2023-02-20,Stock_10,105.55
2023-02-21,Stock_10,104.19
2023-02-22,Stock_10,104.04
2023-02-23,Stock_10,104.54
2023-02-24,Stock_10,106.34
2023-02-25,Stock_10,107.04
2023-02-26,Stock_10,106.8
2023-02-27,Stock_10,105.77
2023-02-28,Stock_10,107.0
2023-03-01,Stock_10,106.04
2023-03-02,Stock_10,107.67
2023-03-03,Stock_10,107.38
2023-03-04,Stock_10,108.97
2023-03-05,Stock_10,109.65
2023-03-06,Stock_10,109.52
2023-03-07,Stock_10,109.0
2023-03-08,Stock_10,108.66
2023-03-09,Stock_10,109.08
2023-03-10,Stock_10,109.16
2023-03-11,Stock_10,108.57
2023-03-12,Stock_10,108.4
2023-03-13,Stock_10,108.48
2023-03-14,Stock_10,106.35
2023-03-15,Stock_10,106.81
2023-03-16,Stock_10,105.83
2023-03-17,Stock_10,104.68
2023-03-18,Stock_10,102.99
2023-03-19,Stock_10,101.2
2023-03-20,Stock_10,99.84
2023-03-21,Stock_10,99.13
2023-03-22,Stock_10,101.08
2023-03-23,Stock_10,100.56
2023-03-24,Stock_10,100.74
2023-03-25,Stock_10,101.14
2023-03-26,Stock_10,101.27
2023-03-27,Stock_10,101.19
2023-03-28,Stock_10,99.99
2023-03-29,Stock_10,101.45
2023-03-30,Stock_10,103.25
2023-03-31,Stock_10,101.57
2023-04-01,Stock_10,100.55
2023-04-02,Stock_10,100.27
2023-04-03,Stock_10,99.3
2023-04-04,Stock_10,99.81
2023-04-05,Stock_10,99.08
2023-04-06,Stock_10,101.24
2023-04-07,Stock_10,102.43
2023-04-08,Stock_10,102.65
2023-04-09,Stock_10,103.67
2023-04-10,Stock_10,104.78
2023-04-11,Stock_10,104.22
2023-04-12,Stock_10,103.4
2023-04-13,Stock_10,103.48
2023-04-14,Stock_10,104.34
2023-04-15,Stock_10,104.48
2023-04-16,Stock_10,102.9
2023-04-17,Stock_10,102.1
2023-04-18,Stock_10,102.03
2023-04-19,Stock_10,101.95
2023-04-20,Stock_10,103.92
2023-04-21,Stock_10,102.54
2023-04-22,Stock_10,103.04
2023-04-23,Stock_10,104.53
2023-04-24,Stock_10,106.8
2023-04-25,Stock_10,106.4
2023-04-26,Stock_10,106.89
2023-04-27,Stock_10,107.46
2023-04-28,Stock_10,107.65
2023-04-29,Stock_10,107.56
2023-04-30,Stock_10,107.99
2023-05-01,Stock_10,105.46
2023-05-02,Stock_10,106.14
2023-05-03,Stock_10,106.27
2023-05-04,Stock_10,106.05
2023-05-05,Stock_10,108.09
2023-05-06,Stock_10,107.42
2023-05-07,Stock_10,107.01
2023-05-08,Stock_10,109.01
2023-05-09,Stock_10,108.17
2023-05-10,Stock_10,107.62
2023-05-11,Stock_10,107.48
2023-05-12,Stock_10,108.32
2023-05-13,Stock_10,108.52
2023-05-14,Stock_10,107.23
2023-05-15,Stock_10,106.7
2023-05-16,Stock_10,106.09
2023-05-17,Stock_10,106.02
2023-05-18,Stock_10,106.44
2023-05-19,Stock_10,106.86
2023-05-20,Stock_10,105.08
2023-05-21,Stock_10,106.15
2023-05-22,Stock_10,106.4
2023-05-23,Stock_10,107.78
2023-05-24,Stock_10,108.23
2023-05-25,Stock_10,109.33
2023-05-26,Stock_10,109.8
2023-05-27,Stock_10,111.14
2023-05-28,Stock_10,111.67
2023-05-29,Stock_10,111.57
2023-05-30,Stock_10,113.84
2023-05-31,Stock_10,114.73
2023-06-01,Stock_10,115.3
2023-06-02,Stock_10,114.03
2023-06-03,Stock_10,112.74
2023-06-04,Stock_10,113.03
2023-06-05,Stock_10,113.18
2023-06-06,Stock_10,112.56
2023-06-07,Stock_10,112.7
2023-06-08,Stock_10,114.29
2023-06-09,Stock_10,114.99
2023-06-10,Stock_10,113.85
2023-06-11,Stock_10,113.73
2023-06-12,Stock_10,112.93
2023-06-13,Stock_10,112.54
2023-06-14,Stock_10,112.13
2023-06-15,Stock_10,111.65
2023-06-16,Stock_10,110.4
2023-06-17,Stock_10,110.27
2023-06-18,Stock_10,109.71
2023-06-19,Stock_10,106.78
2023-06-20,Stock_10,108.83
2023-06-21,Stock_10,109.92
2023-06-22,Stock_10,109.54
2023-06-23,Stock_10,109.56
2023-06-24,Stock_10,108.39
2023-06-25,Stock_10,110.09
2023-06-26,Stock_10,111.98
2023-06-27,Stock_10,112.14
2023-06-28,Stock_10,113.16
2023-06-29,Stock_10,113.34
2023-06-30,Stock_10,112.0
2023-07-01,Stock_10,111.59
2023-07-02,Stock_10,111.72
2023-07-03,Stock_10,111.27
2023-07-04,Stock_10,111.05
2023-07-05,Stock_10,110.96
2023-07-06,Stock_10,110.88
2023-07-07,Stock_10,110.93
2023-07-08,Stock_10,109.87
2023-07-09,Stock_10,109.15
2023-07-10,Stock_10,107.87
2023-07-11,Stock_10,108.84
2023-07-12,Stock_10,106.74
2023-07-13,Stock_10,107.89
2023-07-14,Stock_10,109.28
2023-07-15,Stock_10,108.98
2023-07-16,Stock_10,106.37
2023-07-17,Stock_10,106.01
2023-07-18,Stock_10,105.95
2023-07-19,Stock_10,104.94
2023-07-20,Stock_10,104.42
2023-07-21,Stock_10,105.95
2023-07-22,Stock_10,106.62
2023-07-23,Stock_10,105.69
2023-07-24,Stock_10,104.1
2023-07-25,Stock_10,103.77
2023-07-26,Stock_10,103.55
2023-07-27,Stock_10,104.05
2023-07-28,Stock_10,103.52
2023-07-29,Stock_10,104.03
2023-07-30,Stock_10,105.96
2023-07-31,Stock_10,106.78
2023-08-01,Stock_10,106.73
2023-08-02,Stock_10,106.55
2023-08-03,Stock_10,106.19
2023-08-04,Stock_10,107.37
2023-08-05,Stock_10,106.74
2023-08-06,Stock_10,106.79
2023-08-07,Stock_10,106.84
2023-08-08,Stock_10,106.34
2023-08-09,Stock_10,104.97
2023-08-10,Stock_10,105.29
2023-08-11,Stock_10,105.23
2023-08-12,Stock_10,105.73
2023-08-13,Stock_10,105.19
2023-08-14,Stock_10,106.41
2023-08-15,Stock_10,105.54
2023-08-16,Stock_10,107.25
2023-08-17,Stock_10,105.5
2023-08-18,Stock_10,105.94
2023-08-19,Stock_10,106.41
2023-08-20,Stock_10,105.62
2023-08-21,Stock_10,106.04
2023-08-22,Stock_10,107.32
2023-08-23,Stock_10,105.1
2023-08-24,Stock_10,105.61
2023-08-25,Stock_10,103.11
2023-08-26,Stock_10,102.15
2023-08-27,Stock_10,103.78
2023-08-28,Stock_10,103.2
2023-08-29,Stock_10,102.02
2023-08-30,Stock_10,101.82
2023-08-31,Stock_10,103.89
2023-09-01,Stock_10,102.06
2023-09-02,Stock_10,101.01
2023-09-03,Stock_10,102.51
2023-09-04,Stock_10,104.36
2023-09-05,Stock_10,104.26
2023-09-06,Stock_10,103.02
2023-09-07,Stock_10,105.12
2023-09-08,Stock_10,106.71
2023-09-09,Stock_10,107.39
2023-09-10,Stock_10,106.58
2023-09-11,Stock_10,106.53
2023-09-12,Stock_10,106.37
2023-09-13,Stock_10,106.7
2023-09-14,Stock_10,108.15
2023-09-15,Stock_10,109.03
2023-09-16,Stock_10,107.95
2023-09-17,Stock_10,109.33
2023-09-18,Stock_10,109.64
2023-09-19,Stock_10,110.33
2023-09-20,Stock_10,111.8
2023-09-21,Stock_10,110.68
2023-09-22,Stock_10,110.65
2023-09-23,Stock_10,110.12
2023-09-24,Stock_10,108.55
2023-09-25,Stock_10,108.9
2023-09-26,Stock_10,111.41
2023-09-27,Stock_10,109.57
2023-09-28,Stock_10,109.53
2023-09-29,Stock_10,110.18
2023-09-30,Stock_10,110.3
2023-10-01,Stock_10,110.19
2023-10-02,Stock_10,108.89
2023-10-03,Stock_10,109.12
2023-10-04,Stock_10,108.36
2023-10-05,Stock_10,106.17
2023-10-06,Stock_10,107.37
2023-10-07,Stock_10,108.33
2023-10-08,Stock_10,108.38
2023-10-09,Stock_10,108.61
2023-10-10,Stock_10,109.68
2023-10-11,Stock_10,109.9
2023-10-12,Stock_10,110.81
2023-10-13,Stock_10,110.51
2023-10-14,Stock_10,111.82
2023-10-15,Stock_10,112.14
2023-10-16,Stock_10,112.34
2023-10-17,Stock_10,111.07
2023-10-18,Stock_10,111.35
2023-10-19,Stock_10,110.52
2023-10-20,Stock_10,109.88
2023-10-21,Stock_10,109.07
2023-10-22,Stock_10,108.0
2023-10-23,Stock_10,110.13
2023-10-24,Stock_10,111.46
2023-10-25,Stock_10,113.38
2023-10-26,Stock_10,112.16
2023-10-27,Stock_10,112.23
2023-10-28,Stock_10,110.93
2023-10-29,Stock_10,110.24
2023-10-30,Stock_10,109.32
2023-10-31,Stock_10,110.56
2023-11-01,Stock_10,110.16
2023-11-02,Stock_10,111.23
2023-11-03,Stock_10,111.84
2023-11-04,Stock_10,114.14
2023-11-05,Stock_10,112.66
2023-11-06,Stock_10,113.92
2023-11-07,Stock_10,115.07
2023-11-08,Stock_10,114.09
2023-11-09,Stock_10,115.1
2023-11-10,Stock_10,115.44
2023-11-11,Stock_10,115.21
2023-11-12,Stock_10,114.38
2023-11-13,Stock_10,113.67
2023-11-14,Stock_10,115.72
2023-11-15,Stock_10,115.72
2023-11-16,Stock_10,116.5
2023-11-17,Stock_10,115.71
2023-11-18,Stock_10,114.93
2023-11-19,Stock_10,116.01
2023-11-20,Stock_10,114.66
2023-11-21,Stock_10,114.24
2023-11-22,Stock_10,114.28
2023-11-23,Stock_10,114.39
2023-11-24,Stock_10,114.21
2023-11-25,Stock_10,114.61
2023-11-26,Stock_10,115.3
2023-11-27,Stock_10,116.03
2023-11-28,Stock_10,115.05
2023-11-29,Stock_10,114.76
2023-11-30,Stock_10,115.96
2023-12-01,Stock_10,116.85
2023-12-02,Stock_10,115.48
2023-12-03,Stock_10,115.83
2023-12-04,Stock_10,113.85
2023-12-05,Stock_10,113.9
2023-12-06,Stock_10,115.8
2023-12-07,Stock_10,114.85
2023-12-08,Stock_10,114.02
2023-12-09,Stock_10,114.78
2023-12-10,Stock_10,113.24
2023-12-11,Stock_10,112.61
2023-12-12,Stock_10,113.2
2023-12-13,Stock_10,112.57
2023-12-14,Stock_10,112.33
2023-12-15,Stock_10,113.08
2023-12-16,Stock_10,113.5
2023-12-17,Stock_10,113.76
2023-12-18,Stock_10,113.42
2023-12-19,Stock_10,113.79
2023-12-20,Stock_10,113.67
2023-12-21,Stock_10,114.13
2023-12-22,Stock_10,113.63
2023-12-23,Stock_10,113.45
2023-12-24,Stock_10,112.46
2023-12-25,Stock_10,112.42
2023-12-26,Stock_10,111.61
2023-12-27,Stock_10,110.5
2023-12-28,Stock_10,110.76
2023-12-29,Stock_10,110.97
2023-12-30,Stock_10,111.75
2023-12-31,Stock_10,111.32
